_id,uid,timestamp,appName,status
68afe00d6ce213cee766af5d,test004,1756353725.26927,WHT,open
68afe00d6ce213cee766af5e,test004,1756353761.1026778,WHT,close
68afe00d6ce213cee766af5f,test004,1756354267.2462091,IG,open
68afe00d6ce213cee766af65,test004,1756354323.278831,IG,close
68afe00d6ce213cee766af66,test004,1756354323.493532,IG,open
68afe00d6ce213cee766af67,test004,1756354338.6762738,IG,close
68afe00d6ce213cee766af68,test004,1756354343.2428808,IG,open
68afe00d6ce213cee766af69,test004,1756354362.980581,IG,close
68afe00d6ce213cee766afad,test004,1756355958.811594,WHT,open
68afe00d6ce213cee766afae,test004,1756355979.514184,WHT,close
68afe00d6ce213cee766afaf,test004,1756356006.307272,WHT,open
68afe00d6ce213cee766afb0,test004,1756356043.178721,WHT,close
68afe00d6ce213cee766afb1,test004,1756356054.291014,WHT,open
68afe00d6ce213cee766afb2,test004,1756356054.861541,WHT,close
68afe253c6cec652f47f7df0,test004,1756356211.766187,WHT,open
68afe253c6cec652f47f7df1,test004,1756356393.233361,WHT,close
68afe253c6cec652f47f7df2,test004,1756356395.88904,IG,open
68afe253c6cec652f47f7df3,test004,1756356652.273376,IG,close
68afe253c6cec652f47f7df4,test004,1756356653.734322,IM,open
68afe253c6cec652f47f7df5,test004,1756356675.6614761,SNAP,open
68afe253c6cec652f47f7df6,test004,1756356675.6714668,IM,close
68afe7069dd923b91ffdc75e,test004,1756357116.879019,SNAP,close
68afe7069dd923b91ffdc75f,test004,1756357116.889044,IG,open
68afe7069dd923b91ffdc760,test004,1756357231.418962,SNAP,open
68afe7069dd923b91ffdc761,test004,1756357231.429175,IG,close
68afe7069dd923b91ffdc763,test004,1756357313.382992,SNAP,close
68afe7069dd923b91ffdc764,test004,1756357313.392422,IG,open
68afe7069dd923b91ffdc765,test004,1756357489.578415,IG,close
68afe7069dd923b91ffdc766,test004,1756357659.256758,IG,close
68afe7069dd923b91ffdc767,test004,1756357659.268649,SNAP,open
68afe7069dd923b91ffdc768,test004,1756357682.5783858,SNAP,close
68afe7069dd923b91ffdc769,test004,1756357682.590849,IG,open
68afe95baa12a9a2e2a833d4,test004,1756357941.519473,IG,close
68aff5155928c2e13e959a33,test004,1756361032.536797,SNAP,open
68aff5155928c2e13e959a34,test004,1756361035.320036,SNAP,close
68aff5155928c2e13e959a35,test004,1756361037.123818,WHT,open
68affc1de0eab137e5009dda,test004,1756362496.770866,WHT,close
68affc1de0eab137e5009ddb,test004,1756362496.775198,SNAP,open
68affc1de0eab137e5009ddc,test004,1756362502.441382,SNAP,close
68affc1de0eab137e5009ddd,test004,1756362503.025574,IG,open
68affc1de0eab137e5009dde,test004,1756362583.148096,IG,close
68affe75cf6361246e4c98ac,test004,1756363602.504528,IG,close
68b075fb7857c286823ac594,test004,1756394250.1761289,IG,close
68b075fb7857c286823ac595,test004,1756394310.415556,WHT,open
68b075fb7857c286823ac596,test004,1756394372.243974,WHT,close
68b075fb7857c286823ac597,test004,1756394402.5784268,IG,open
68b075fb7857c286823ac598,test004,1756394454.8127918,IG,close
68b075fb7857c286823ac599,test004,1756394463.302103,SNAP,open
68b07aad8dcc107e6b69b319,test004,1756394526.33144,SNAP,close
68b07aad8dcc107e6b69b31a,test004,1756394526.345214,WHT,open
68b07aad8dcc107e6b69b31b,test004,1756394529.672957,WHT,close
68b07aad8dcc107e6b69b31c,test004,1756394529.69285,SPOT,open
68b07aad8dcc107e6b69b31d,test004,1756394533.815885,WHT,open
68b07aad8dcc107e6b69b31e,test004,1756394533.8205938,SPOT,close
68b07aad8dcc107e6b69b31f,test004,1756394534.6225538,WHT,close
68b07aad8dcc107e6b69b320,test004,1756394534.635236,SPOT,open
68b07aad8dcc107e6b69b321,test004,1756394597.010087,SPOT,close
68b07aad8dcc107e6b69b322,test004,1756394621.0544019,SPOT,close
68b07aad8dcc107e6b69b323,test004,1756394654.956691,IG,open
68b07aad8dcc107e6b69b324,test004,1756394898.348547,IG,close
68b07aad8dcc107e6b69b325,test004,1756394904.878768,IG,open
68b07aad8dcc107e6b69b326,test004,1756394978.769803,IG,close
68b07aad8dcc107e6b69b327,test004,1756395015.712801,IG,open
68b07d03db23a6f02fc5f51b,test004,1756395895.637762,IG,close
68b081b516c550625bb509b9,test004,1756396849.775535,IG,open
68b081b516c550625bb509c1,test004,1756397002.299664,SNAP,open
68b081b516c550625bb509c2,test004,1756397002.3113608,IG,close
68b081b516c550625bb509c3,test004,1756397005.823642,SNAP,close
68b081b516c550625bb509c4,test004,1756397053.183241,SNAP,close
68b081b516c550625bb509c5,test004,1756397053.2016912,IG,open
68b081b516c550625bb509c6,test004,1756397095.88241,IG,close
68b081b516c550625bb509c7,test004,1756397107.217392,IG,open
68b0866430ae1a4d7c0aa32b,test004,1756397704.790237,IG,close
68b0866430ae1a4d7c0aa32c,test004,1756397724.7256808,IG,close
68b0866430ae1a4d7c0aa32d,test004,1756397726.36554,WHT,open
68b0866430ae1a4d7c0aa32e,test004,1756397905.0611172,WHT,close
68b0866430ae1a4d7c0aa32f,test004,1756397918.764533,WHT,open
68b0866430ae1a4d7c0aa330,test004,1756397927.408095,WHT,close
68b0866430ae1a4d7c0aa331,test004,1756398041.6452699,IG,open
68b0866430ae1a4d7c0aa345,test004,1756398311.661407,IG,close
68b0866430ae1a4d7c0aa346,test004,1756398314.569658,IG,open
68b0866430ae1a4d7c0aa347,test004,1756398381.568089,IG,close
68b088bcb92ca0798597bf02,test004,1756398877.347255,IG,close
68b0921bd0f3216b6c3faa17,test004,1756401146.979785,WHT,open
68b0921bd0f3216b6c3faa18,test004,1756401182.962261,WHT,close
68b0921bd0f3216b6c3faa19,test004,1756401182.972855,IG,open
68b0921bd0f3216b6c3faa1a,test004,1756401208.930824,IG,close
68b0921bd0f3216b6c3faa1b,test004,1756401208.942966,WHT,open
68b0921bd0f3216b6c3faa1c,test004,1756401217.715837,WHT,close
68b0a02a5ee88f3ce53ba45f,test004,1756404308.5503569,WHT,open
68b0a02a5ee88f3ce53ba460,test004,1756404327.022181,IG,open
68b0a02a5ee88f3ce53ba461,test004,1756404327.034659,WHT,close
68b0a02a5ee88f3ce53ba462,test004,1756404535.307845,IG,close
68b0a2850c85acded482a97b,test004,1756404897.651143,IG,close
68b0a2850c85acded482a97c,test004,1756404910.49084,IG,open
68b0a2850c85acded482a97d,test004,1756405220.999897,IG,close
68b0a2850c85acded482a97e,test004,1756405221.560007,IG,open
68b0a2850c85acded482a98f,test004,1756405344.850696,IG,close
68b0a2850c85acded482a990,test004,1756405371.371714,IG,close
68b0a2850c85acded482a991,test004,1756405372.781883,IG,open
68b0a2850c85acded482a992,test004,1756405403.57767,IG,close
68b0a2850c85acded482a993,test004,1756405403.6459742,IG,open
68b0a2850c85acded482a994,test004,1756405509.1928082,IG,close
68b0a2850c85acded482a995,test004,1756405509.2286038,IG,open
68b0a2850c85acded482a996,test004,1756405514.7603168,IG,open
68b0a2850c85acded482a997,test004,1756405514.7717519,IG,close
68b0a2850c85acded482a998,test004,1756405805.803032,IG,close
68b0a2850c85acded482a999,test004,1756405818.221397,IG,open
68b0a733304e5e093ebe5717,test004,1756406042.104667,IG,close
68b0a733304e5e093ebe5718,test004,1756406076.7524362,IG,close
68b0a733304e5e093ebe5719,test004,1756406077.113363,SPOT,open
68b0a733304e5e093ebe571a,test004,1756406091.2341042,SPOT,close
68b0a733304e5e093ebe571b,test004,1756406167.9727988,SNAP,open
68b0a733304e5e093ebe571c,test004,1756406167.991118,SPOT,close
68b0a733304e5e093ebe571d,test004,1756406202.3581781,SNAP,close
68b0a733304e5e093ebe571e,test004,1756406358.972238,SNAP,close
68b0a733304e5e093ebe571f,test004,1756406360.435832,SNAP,open
68b0a733304e5e093ebe5720,test004,1756406399.278055,SNAP,close
68b0a733304e5e093ebe5721,test004,1756406399.289546,SPOT,open
68b0a733304e5e093ebe5722,test004,1756406401.607401,SPOT,close
68b0a98d31b3e2c479f746d9,test004,1756407090.1287642,SPOT,close
68b0a98d31b3e2c479f746da,test004,1756407554.125205,SNAP,close
68b0a98d31b3e2c479f746db,test004,1756407554.134255,SNAP,open
68b0a98d31b3e2c479f746dc,test004,1756407555.37801,SNAP,open
68b0a98d31b3e2c479f746dd,test004,1756407589.121248,SNAP,close
68b0ae3cdd80d39a0fde12c7,test004,1756407747.71937,IG,open
68b0ae3cdd80d39a0fde12c8,test004,1756407754.702258,IG,close
68b0ae3cdd80d39a0fde12c9,test004,1756407754.714943,IG,open
68b0ae3cdd80d39a0fde12ca,test004,1756407755.83362,SPOT,open
68b0ae3cdd80d39a0fde12cb,test004,1756407790.6099591,SPOT,close
68b0ae3cdd80d39a0fde12cc,test004,1756407851.704403,SPOT,close
68b0ae3cdd80d39a0fde12cd,test004,1756407851.715818,IG,open
68b0ae3cdd80d39a0fde12ce,test004,1756407853.360786,SNAP,open
68b0ae3cdd80d39a0fde12cf,test004,1756407853.371975,IG,close
68b0ae3cdd80d39a0fde12d0,test004,1756407860.845814,SNAP,close
68b0b0937d881ffcafec5acb,test004,1756408389.730763,SNAP,open
68b0b0937d881ffcafec5acc,test004,1756408402.501502,SNAP,close
68b0b0937d881ffcafec5acd,test004,1756408589.027442,SNAP,open
68b0b0937d881ffcafec5ace,test004,1756408597.628834,SNAP,close
68b0b0937d881ffcafec5b07,test004,1756408897.547451,IG,open
68b0b0937d881ffcafec5b08,test004,1756408911.039535,IG,close
68b0b0937d881ffcafec5b09,test004,1756408911.641444,SNAP,open
68b0b0937d881ffcafec5b0a,test004,1756408925.842318,SNAP,close
68b0b0937d881ffcafec5b0b,test004,1756408927.534662,SNAP,open
68b0b0937d881ffcafec5b0c,test004,1756408933.310553,SNAP,close
68b0b0937d881ffcafec5b0d,test004,1756409181.7564769,SNAP,open
68b0b0937d881ffcafec5b0e,test004,1756409185.197397,SNAP,close
68b0b0937d881ffcafec5b0f,test004,1756409189.5940619,IG,open
68b0b0937d881ffcafec5b10,test004,1756409197.842852,SPOT,open
68b0b0937d881ffcafec5b11,test004,1756409197.854078,IG,close
68b0b0937d881ffcafec5b12,test004,1756409201.386029,SPOT,close
68b0b5447be4712b13272e3f,test004,1756409540.079615,SPOT,close
68b0b5447be4712b13272e40,test004,1756409540.091744,SNAP,open
68b0b5447be4712b13272e41,test004,1756409568.710136,SNAP,close
68b0b5447be4712b13272e42,test004,1756409700.117089,SNAP,open
68b0b5447be4712b13272e43,test004,1756409728.484611,SNAP,close
68b0b5447be4712b13272e44,test004,1756409732.207433,SPOT,open
68b0b5447be4712b13272e45,test004,1756409753.4592938,SPOT,close
68b0b79bcbc4ee7ff1d5a1be,test004,1756410202.002851,SPOT,close
68b0b79bcbc4ee7ff1d5a1bf,test004,1756410202.016127,SNAP,open
68b0b79bcbc4ee7ff1d5a1c0,test004,1756410234.475984,SNAP,close
68b0b79bcbc4ee7ff1d5a1c1,test004,1756410234.4879951,SPOT,open
68b0b79bcbc4ee7ff1d5a1c2,test004,1756410512.426888,SPOT,close
68b0b79bcbc4ee7ff1d5a1c3,test004,1756410512.440168,SNAP,open
68b0b79bcbc4ee7ff1d5a1c4,test004,1756410578.005104,SNAP,close
68b0b79bcbc4ee7ff1d5a1c5,test004,1756410597.9542542,SPOT,open
68b0b79bcbc4ee7ff1d5a1c6,test004,1756410609.779033,SPOT,close
68b0b79bcbc4ee7ff1d5a1f6,test004,1756410749.561473,SNAP,open
68b0b79bcbc4ee7ff1d5a1f7,test004,1756410749.57391,SPOT,close
68b0b79bcbc4ee7ff1d5a1f8,test004,1756410771.025032,SNAP,close
68b0b79bcbc4ee7ff1d5a1f9,test004,1756410772.741797,SNAP,open
68b0b79bcbc4ee7ff1d5a1fa,test004,1756410825.3141031,SNAP,close
68b0b79bcbc4ee7ff1d5a1fb,test004,1756410825.975924,WHT,open
68b0b79bcbc4ee7ff1d5a1fc,test004,1756410855.036042,WHT,close
68b0b79bcbc4ee7ff1d5a1fd,test004,1756410855.04734,SNAP,open
68b0b79bcbc4ee7ff1d5a1fe,test004,1756410864.944855,SNAP,close
68b0b79bcbc4ee7ff1d5a1ff,test004,1756410891.1537828,SNAP,open
68b0b79bcbc4ee7ff1d5a200,test004,1756410990.858714,SNAP,close
68b0b79bcbc4ee7ff1d5a201,test004,1756411080.557864,SNAP,close
68b0b79bcbc4ee7ff1d5a202,test004,1756411094.901021,IG,open
68b0b79bcbc4ee7ff1d5a203,test004,1756411123.45266,SPOT,open
68b0b79bcbc4ee7ff1d5a204,test004,1756411123.465921,IG,close
68b0b79bcbc4ee7ff1d5a205,test004,1756411126.361846,SPOT,close
68b0b79bcbc4ee7ff1d5a227,test004,1756411241.189451,SNAP,open
68b0b79bcbc4ee7ff1d5a228,test004,1756411241.200768,SPOT,close
68b0b79bcbc4ee7ff1d5a229,test004,1756411249.136979,SNAP,close
68b0c356edd31c6378dc86a2,test004,1756411338.536409,SNAP,close
68b0c356edd31c6378dc86a3,test004,1756411380.099845,SNAP,open
68b0c356edd31c6378dc86a4,test004,1756411388.9480438,SNAP,close
68b0c356edd31c6378dc86a5,test004,1756411390.071402,SPOT,open
68b0c356edd31c6378dc86a6,test004,1756411398.43523,SPOT,close
68b0c356edd31c6378dc86a7,test004,1756411485.955374,SPOT,close
68b0c356edd31c6378dc86a8,test004,1756411485.968149,SNAP,open
68b0c356edd31c6378dc86a9,test004,1756411493.402979,SNAP,close
68b0c356edd31c6378dc86aa,test004,1756411494.190136,SPOT,open
68b0c356edd31c6378dc86ab,test004,1756411497.222705,SPOT,close
68b0c356edd31c6378dc86ac,test004,1756411749.7535172,SPOT,close
68b0c356edd31c6378dc86ad,test004,1756411798.606077,IM,open
68b0c356edd31c6378dc86ae,test004,1756411813.944766,IM,close
68b0c356edd31c6378dc86af,test004,1756411824.105705,SNAP,open
68b0c356edd31c6378dc86b0,test004,1756411863.796809,SNAP,close
68b0c356edd31c6378dc86b1,test004,1756411864.683428,SNAP,open
68b0c356edd31c6378dc86b2,test004,1756411868.174951,SNAP,close
68b0c356edd31c6378dc879a,test004,1756412084.740354,IG,open
68b0c356edd31c6378dc879b,test004,1756412097.607722,IG,close
68b0c356edd31c6378dc879c,test004,1756412139.5815659,IG,open
68b0c356edd31c6378dc879d,test004,1756412266.987132,IG,close
68b0c356edd31c6378dc879e,test004,1756412268.351551,SPOT,open
68b0c356edd31c6378dc879f,test004,1756412283.292859,SPOT,close
68b0c356edd31c6378dc87a0,test004,1756412330.114078,SPOT,close
68b0c356edd31c6378dc87a1,test004,1756412344.0603418,SNAP,open
68b0c356edd31c6378dc87a2,test004,1756412349.110135,SNAP,open
68b0c356edd31c6378dc87a3,test004,1756412349.12549,SNAP,close
68b0c356edd31c6378dc87a4,test004,1756412393.8714561,SNAP,close
68b0c356edd31c6378dc87a5,test004,1756412397.894998,SPOT,open
68b0c356edd31c6378dc87a6,test004,1756412407.953851,SPOT,close
68b0c356edd31c6378dc87a7,test004,1756412419.95474,SPOT,close
68b0c356edd31c6378dc87a8,test004,1756412421.647444,TWIT,open
68b0c356edd31c6378dc87b3,test004,1756412532.431447,TWIT,close
68b0c356edd31c6378dc87b4,test004,1756412539.0460548,SNAP,open
68b0c356edd31c6378dc87b5,test004,1756412644.70465,SNAP,close
68b0c356edd31c6378dc87b6,test004,1756412817.869307,SNAP,open
68b0c356edd31c6378dc87b7,test004,1756412820.085381,SNAP,close
68b0c805de00c08c7b7f85e1,test004,1756414571.300356,SNAP,open
68b0c805de00c08c7b7f85e2,test004,1756414613.852092,SNAP,close
68b0c805de00c08c7b7f85e3,test004,1756414614.0142121,IG,open
68b0c805de00c08c7b7f85e4,test004,1756414849.202584,IG,close
68b0c805de00c08c7b7f85e5,test004,1756414850.55142,IG,open
68b0ca5c4cfdcc35d43ebcae,test004,1756415560.4037151,IG,close
68b0ca5c4cfdcc35d43ebcaf,test004,1756415833.7767792,IG,open
68b0ca5c4cfdcc35d43ebcb0,test004,1756415888.2096171,IG,close
68b0ca5c4cfdcc35d43ebcb1,test004,1756415983.237729,IM,open
68b0ca5c4cfdcc35d43ebcb2,test004,1756416025.614872,IM,close
68b0dac3d57e47ec54a5b552,test004,1756419427.517764,IM,close
68b0dac3d57e47ec54a5b553,test004,1756419427.54229,SNAP,open
68b0dac3d57e47ec54a5b554,test004,1756419438.556159,SNAP,close
68b0dac3d57e47ec54a5b555,test004,1756419439.966475,IM,open
68b0dac3d57e47ec54a5b556,test004,1756419446.234262,IM,close
68b0dac3d57e47ec54a5b557,test004,1756419472.3583999,SNAP,open
68b0dac3d57e47ec54a5b558,test004,1756419488.367058,SNAP,close
68b0dac3d57e47ec54a5b559,test004,1756419497.237081,SNAP,open
68b0dac3d57e47ec54a5b55a,test004,1756419517.287055,SNAP,close
68b0dac3d57e47ec54a5b55b,test004,1756419519.422194,IG,open
68b0dac3d57e47ec54a5b55c,test004,1756419527.031857,SNAP,open
68b0dac3d57e47ec54a5b55d,test004,1756419527.044759,IG,close
68b0dac3d57e47ec54a5b55e,test004,1756419580.32957,IG,open
68b0dac3d57e47ec54a5b55f,test004,1756419580.3425221,SNAP,close
68b0dac3d57e47ec54a5b560,test004,1756419613.365642,IG,close
68b0dac3d57e47ec54a5b561,test004,1756419621.203685,SNAP,open
68b0dac3d57e47ec54a5b562,test004,1756419633.271655,IG,open
68b0dac3d57e47ec54a5b563,test004,1756419633.284768,SNAP,close
68b0dac3d57e47ec54a5b564,test004,1756419664.023962,IG,close
68b0dac3d57e47ec54a5b565,test004,1756419664.036511,SNAP,open
68b0dd1eea61d18f9a1b912f,test004,1756419699.4643888,SNAP,close
68b0dd1eea61d18f9a1b9130,test004,1756419699.479465,IG,open
68b0dd1eea61d18f9a1b9131,test004,1756419844.001956,IG,close
68b0dd1eea61d18f9a1b9132,test004,1756419865.922482,IG,open
68b0dd1eea61d18f9a1b9133,test004,1756419882.942874,IG,close
68b0dd1eea61d18f9a1b9134,test004,1756420082.931246,SNAP,open
68b0dd1eea61d18f9a1b9135,test004,1756420086.998393,SNAP,close
68b0dd1eea61d18f9a1b9136,test004,1756420188.083034,SNAP,close
68b0dd1eea61d18f9a1b9157,test004,1756420285.122706,SPOT,open
68b0dd1eea61d18f9a1b9158,test004,1756420296.129767,SPOT,close
68b0dd1eea61d18f9a1b9159,test004,1756420303.6578522,SPOT,close
68b0dd1eea61d18f9a1b915a,test004,1756420744.19365,SPOT,open
68b0dd1eea61d18f9a1b915b,test004,1756420753.970138,SPOT,close
68b0e1cc792af0394eb808ec,test004,1756421189.156838,SPOT,close
68b0e1cc792af0394eb808ed,test004,1756421249.636746,IM,open
68b0e1cc792af0394eb808ee,test004,1756421346.573014,IM,close
68b0e1cc792af0394eb808ef,test004,1756421347.4330878,SNAP,open
68b0e1cc792af0394eb808f0,test004,1756421352.760304,SNAP,close
68b0e1cc792af0394eb808f1,test004,1756421352.972738,IG,open
68b0e1cc792af0394eb808f2,test004,1756421357.494894,IG,close
68b0e1cc792af0394eb808f3,test004,1756421450.521107,SNAP,open
68b0e1cc792af0394eb808f4,test004,1756421467.43835,SNAP,close
68b0e1cc792af0394eb808f5,test004,1756421467.557266,IG,open
68b0e42543463f16ed7be8e7,test004,1756421657.828063,IG,close
68b0e42543463f16ed7be8e8,test004,1756421657.8406901,SNAP,open
68b0e42543463f16ed7be8e9,test004,1756421664.663034,IM,open
68b0e42543463f16ed7be8ea,test004,1756421664.67515,SNAP,close
68b0e42543463f16ed7be8eb,test004,1756421694.027473,IM,close
68b0e42543463f16ed7be8ec,test004,1756421694.155641,IG,open
68b0e42543463f16ed7be8ed,test004,1756421702.820207,IG,close
68b0e42543463f16ed7be8ee,test004,1756421702.82404,SNAP,open
68b0e42543463f16ed7be8ef,test004,1756421706.850665,IG,open
68b0e42543463f16ed7be8f0,test004,1756421706.864996,SNAP,close
68b0e42543463f16ed7be8f1,test004,1756421733.861248,SNAP,open
68b0e42543463f16ed7be8f2,test004,1756421733.875335,IG,close
68b0e42543463f16ed7be8f3,test004,1756421743.097643,SNAP,close
68b0e42543463f16ed7be8f4,test004,1756421743.125432,IG,open
68b0e42543463f16ed7be8f5,test004,1756421917.964695,IG,close
68b0e8d53dc9e015f1cdf76d,test004,1756422764.661868,SPOT,open
68b0e8d53dc9e015f1cdf76e,test004,1756422764.671869,IG,close
68b0e8d53dc9e015f1cdf76f,test004,1756422771.7463589,SPOT,close
68b0e8d53dc9e015f1cdf770,test004,1756422844.397995,SPOT,close
68b0e8d53dc9e015f1cdf771,test004,1756423074.138551,SPOT,close
68b0e8d53dc9e015f1cdf7ad,test004,1756423379.697583,SPOT,close
68b0e8d53dc9e015f1cdf7ae,test004,1756423425.829699,SPOT,close
68b0e8d53dc9e015f1cdf7af,test004,1756423426.803369,TWIT,open
68b0e8d53dc9e015f1cdf7b0,test004,1756423437.947907,TWIT,close
68b0e8d53dc9e015f1cdf7b1,test004,1756423441.811816,WHT,open
68b0e8d53dc9e015f1cdf7b2,test004,1756423448.2797198,WHT,close
68b0e8d53dc9e015f1cdf7b3,test004,1756423449.226182,SPOT,open
68b0e8d53dc9e015f1cdf7b4,test004,1756423458.2868009,SPOT,close
68b0e8d53dc9e015f1cdf7b5,test004,1756423782.378501,SPOT,close
68b0ed845d3d1addd75e6fc8,test004,1756423905.783743,SPOT,close
68b0ed845d3d1addd75e6fc9,test004,1756423917.6390681,SPOT,close
68b0ed845d3d1addd75e6fca,test004,1756424058.9436169,SPOT,close
68b0ed845d3d1addd75e6fcb,test004,1756424063.571694,SPOT,close
68b0ed845d3d1addd75e6fcc,test004,1756424181.296749,SPOT,close
68b0ed845d3d1addd75e6ffa,test004,1756424661.885696,SPOT,close
68b0f48cf65f649899b9bec4,test004,1756425852.888657,SNAP,open
68b0f48cf65f649899b9bec5,test004,1756425852.898827,SPOT,close
68b0f48cf65f649899b9bec6,test004,1756425865.680715,SNAP,close
68b0f48cf65f649899b9bec7,test004,1756425943.151565,SNAP,open
68b0f48cf65f649899b9bec8,test004,1756425952.543905,SPOT,open
68b0f48cf65f649899b9bec9,test004,1756425952.556855,SNAP,close
68b0f48cf65f649899b9beca,test004,1756425954.4102821,SPOT,close
68b0f48cf65f649899b9becb,test004,1756425972.2201052,SPOT,close
68b0f48cf65f649899b9becc,test004,1756425972.2450461,SNAP,open
68b0f48cf65f649899b9becd,test004,1756426049.746644,SNAP,close
68b0f48cf65f649899b9bece,test004,1756426049.749905,SPOT,open
68b0f48cf65f649899b9becf,test004,1756426067.522643,SPOT,close
68b0f48cf65f649899b9bed0,test004,1756426137.0932698,SNAP,open
68b0f48cf65f649899b9bed1,test004,1756426137.106293,SPOT,close
68b0f48cf65f649899b9bed2,test004,1756426155.8865829,SNAP,close
68b0f48cf65f649899b9bed3,test004,1756426259.2786388,SPOT,open
68b0f48cf65f649899b9bed4,test004,1756426266.7004318,SPOT,close
68b0f48cf65f649899b9bf22,test004,1756426363.830987,SNAP,open
68b0f48cf65f649899b9bf23,test004,1756426363.846544,SPOT,close
68b0f48cf65f649899b9bf24,test004,1756426546.110596,SPOT,open
68b0f48cf65f649899b9bf25,test004,1756426546.123867,SNAP,close
68b0f48cf65f649899b9bf26,test004,1756426552.980103,SPOT,close
68b0f48cf65f649899b9bf27,test004,1756426694.896737,SPOT,close
68b0f48cf65f649899b9bf28,test004,1756426852.787441,SNAP,open
68b0f48cf65f649899b9bf29,test004,1756426852.8007588,SPOT,close
68b0f48cf65f649899b9bf2a,test004,1756426864.464042,SNAP,close
68b0f6e466c3a0fbedd6ec3f,test004,1756426890.977191,SNAP,close
68b0f6e466c3a0fbedd6ec40,test004,1756426890.991142,SPOT,open
68b0f6e466c3a0fbedd6ec41,test004,1756426901.39815,SPOT,close
68b0f6e466c3a0fbedd6ec42,test004,1756426987.555876,SPOT,close
68b0f6e466c3a0fbedd6ec43,test004,1756426987.570616,SNAP,open
68b0f6e466c3a0fbedd6ec44,test004,1756427021.375471,SNAP,close
68b0f6e466c3a0fbedd6ec45,test004,1756427028.2422729,SNAP,open
68b0f6e466c3a0fbedd6ec46,test004,1756427057.5351272,SNAP,close
68b0f6e466c3a0fbedd6ec47,test004,1756427058.2901978,SPOT,open
68b0f6e466c3a0fbedd6ec48,test004,1756427077.071404,SPOT,close
68b0f6e466c3a0fbedd6ec49,test004,1756427175.794749,SPOT,close
68b0fb9461da30daed0840a3,test004,1756427511.414315,IG,open
68b0fb9461da30daed0840a4,test004,1756427511.421383,SPOT,close
68b0fb9461da30daed0840a5,test004,1756427540.055325,IG,close
68b0fb9461da30daed0840a6,test004,1756427626.013861,IG,close
68b0fb9461da30daed0840a7,test004,1756427742.890079,IG,close
68b0fb9461da30daed0840a8,test004,1756427742.9029531,SPOT,open
68b0fb9461da30daed0840a9,test004,1756427744.2533998,SPOT,close
68b0fb9461da30daed0840aa,test004,1756427744.272572,IG,open
68b0fb9461da30daed0840ab,test004,1756427758.364221,IG,close
68b0fb9461da30daed0840ac,test004,1756427758.3778539,SPOT,open
68b0fb9461da30daed0840ad,test004,1756427767.229653,SPOT,close
68b0fb9461da30daed0840ae,test004,1756427767.798609,SPOT,open
68b0fb9461da30daed0840af,test004,1756427769.236814,SPOT,close
68b0fb9461da30daed0840b0,test004,1756427769.250073,IG,open
68b0fb9461da30daed0840b1,test004,1756427775.064909,IG,close
68b0fb9461da30daed0840b2,test004,1756427848.987885,SPOT,open
68b0fb9461da30daed0840b3,test004,1756427849.0013661,IG,close
68b0fb9461da30daed0840b4,test004,1756427861.4317179,SPOT,close
68b0fb9461da30daed0840b5,test004,1756428009.498273,IG,open
68b0fb9461da30daed0840b6,test004,1756428009.511204,SPOT,close
68b0fb9461da30daed0840b7,test004,1756428012.879463,IG,close
68b0fb9461da30daed0840b8,test004,1756428046.167836,SNAP,open
68b0fb9461da30daed0840b9,test004,1756428046.181664,IG,close
68b0fb9461da30daed0840ba,test004,1756428051.2079911,SNAP,close
68b0fdeca3acf9fea67e7518,test004,1756428698.98933,SNAP,close
68b0fdeca3acf9fea67e7519,test004,1756428832.958733,SNAP,open
68b0fdeca3acf9fea67e751a,test004,1756428855.580391,SNAP,close
68b0fdeca3acf9fea67e751b,test004,1756428873.230655,SNAP,open
68b0fdeca3acf9fea67e751c,test004,1756428944.449744,SNAP,close
68b0fdeca3acf9fea67e751d,test004,1756428985.533369,SNAP,close
68b0fdeca3acf9fea67e751e,test004,1756428985.547368,IG,open
68b0fdeca3acf9fea67e751f,test004,1756429011.974443,IG,close
68b0fdeca3acf9fea67e7520,test004,1756429024.840699,IG,open
68b0fdeca3acf9fea67e7521,test004,1756429092.409318,IG,close
68b0fdeca3acf9fea67e7522,test004,1756429104.062388,IG,open
68b0fdeca3acf9fea67e7523,test004,1756429107.149712,IG,close
68b0fdeca3acf9fea67e7524,test004,1756429233.759705,IG,open
68b0fdeca3acf9fea67e7525,test004,1756429256.307726,IG,close
68b0fdeca3acf9fea67e7526,test004,1756429275.74771,SNAP,open
68b1029c9aed0961857953b1,test004,1756429284.891747,SNAP,close
68b1029c9aed0961857953d4,test004,1756429983.51151,SNAP,open
68b1029c9aed0961857953d5,test004,1756429987.333756,SNAP,close
68b110accb613a0ec5641edf,test004,1756433772.833912,SNAP,open
68b110accb613a0ec5641ee0,test004,1756433806.842881,SNAP,close
68b110accb613a0ec5641ee1,test004,1756433894.4231129,SNAP,close
68b1155b448db2dafa807e34,test004,1756434135.855932,SNAP,open
68b1155b448db2dafa807e35,test004,1756434149.938861,SNAP,close
68b1155b448db2dafa807e36,test004,1756434203.739804,IG,open
68b1155b448db2dafa807e37,test004,1756434237.815165,IG,close
68b1155b448db2dafa807e38,test004,1756434238.69052,IG,open
68b1155b448db2dafa807e39,test004,1756434247.529982,IG,close
68b1155b448db2dafa807e3a,test004,1756434301.932657,IG,close
68b1155b448db2dafa807e3b,test004,1756434302.116406,IG,open
68b1155b448db2dafa807e3c,test004,1756434379.337089,IG,close
68b11a0d7425ecae9014cb3b,test004,1756434820.634444,IG,close
68b11a0d7425ecae9014cb3c,test004,1756434953.5468578,IG,open
68b11a0d7425ecae9014cb3d,test004,1756434977.506155,IG,close
68b11a0d7425ecae9014cb3e,test004,1756435279.008327,IG,open
68b11a0d7425ecae9014cb77,test004,1756435285.240268,IG,close
68b11a0d7425ecae9014cb99,test004,1756436394.527991,IG,open
68b11a0d7425ecae9014cb9a,test004,1756436453.942105,IG,close
68b1443f67d09ea32d5df121,test004,1756445095.376657,IG,open
68b1443f67d09ea32d5df122,test004,1756445096.811878,WHT,open
68b1443f67d09ea32d5df123,test004,1756445096.866272,IG,close
68b1443f67d09ea32d5df124,test004,1756445130.753635,WHT,close
68b1443f67d09ea32d5df125,test004,1756445147.951016,WHT,open
68b1443f67d09ea32d5df126,test004,1756445148.912486,WHT,close
68b1443f67d09ea32d5df127,test004,1756445213.082109,WHT,open
68b1443f67d09ea32d5df128,test004,1756445217.322581,SNAP,open
68b1443f67d09ea32d5df129,test004,1756445217.336252,WHT,close
68b1443f67d09ea32d5df12a,test004,1756445227.924854,SNAP,close
68b1443f67d09ea32d5df12b,test004,1756445229.5979161,SNAP,open
68b1443f67d09ea32d5df12c,test004,1756445235.520361,SNAP,close
68b1443f67d09ea32d5df12d,test004,1756445235.884651,IG,open
68b1443f67d09ea32d5df12e,test004,1756445241.363822,IG,open
68b1443f67d09ea32d5df12f,test004,1756445241.378622,IG,close
68b1443f67d09ea32d5df130,test004,1756445243.922796,IG,close
68b1443f67d09ea32d5df131,test004,1756445341.7101479,SNAP,open
68b1443f67d09ea32d5df132,test004,1756445372.735754,SNAP,close
68b1443f67d09ea32d5df133,test004,1756445416.274006,SNAP,open
68b1443f67d09ea32d5df134,test004,1756445432.652914,SNAP,close
68b1443f67d09ea32d5df15f,test004,1756445568.2252111,SNAP,open
68b1443f67d09ea32d5df160,test004,1756445568.308103,SNAP,close
68b1443f67d09ea32d5df161,test004,1756445614.873205,SNAP,close
68b1443f67d09ea32d5df162,test004,1756445616.022248,SNAP,open
68b1443f67d09ea32d5df163,test004,1756445686.449699,SNAP,close
68b1443f67d09ea32d5df164,test004,1756445727.79139,SNAP,close
68b1443f67d09ea32d5df187,test004,1756446221.912499,IG,open
68b1443f67d09ea32d5df188,test004,1756446257.538642,IG,close
68b1443f67d09ea32d5df189,test004,1756446257.587035,SNAP,open
68b1443f67d09ea32d5df18a,test004,1756446260.74665,SNAP,close
68b1443f67d09ea32d5df18b,test004,1756446319.370017,WHT,open
68b1443f67d09ea32d5df18c,test004,1756446321.153578,IG,open
68b1443f67d09ea32d5df18d,test004,1756446321.168046,WHT,close
68b1443f67d09ea32d5df18e,test004,1756446333.368552,IG,close
68b14b43bbd32c3d2c7e5733,test004,1756448522.14499,IG,open
68b14b43bbd32c3d2c7e5734,test004,1756448561.953569,IG,close
68b14b43bbd32c3d2c7e5735,test004,1756448562.688288,IG,open
68b14b43bbd32c3d2c7e5736,test004,1756448602.6637201,IG,close
68b14b43bbd32c3d2c7e5737,test004,1756448696.599515,IG,close
68b14b43bbd32c3d2c7e5738,test004,1756448733.8875132,IG,open
68b14ff524a10792b306f354,test004,1756449623.949607,IG,close
68b14ff524a10792b306f355,test004,1756449623.964944,SNAP,open
68b14ff524a10792b306f35b,test004,1756449650.268846,IG,open
68b14ff524a10792b306f35c,test004,1756449650.282592,SNAP,close
68b14ff524a10792b306f35d,test004,1756449658.91203,SNAP,open
68b14ff524a10792b306f35e,test004,1756449658.927506,IG,close
68b14ff524a10792b306f364,test004,1756449744.849567,SNAP,close
68b14ff524a10792b306f365,test004,1756449744.866715,IG,open
68b14ff524a10792b306f366,test004,1756450175.773946,IG,close
68b14ff524a10792b306f367,test004,1756450175.789032,SNAP,open
68b14ff524a10792b306f368,test004,1756450177.760003,IG,open
68b14ff524a10792b306f369,test004,1756450177.774699,SNAP,close
68b154a4e95c737b2e82d875,test004,1756450620.112368,IG,close
68b16e6d4c5fbd048b3e3685,test004,1756458024.66383,SNAP,open
68b16e6d4c5fbd048b3e3686,test004,1756458035.887687,SNAP,close
68b1731bbf772c0b644928f3,test004,1756458201.7133799,SNAP,open
68b1731bbf772c0b644928f4,test004,1756458202.246726,SNAP,close
68b1731bbf772c0b644928f5,test004,1756458300.069353,IG,open
68b1731bbf772c0b644928f6,test004,1756458511.8630981,IG,close
68b1731bbf772c0b644928f7,test004,1756458548.404866,IG,open
68b1731bbf772c0b64492908,test004,1756458904.0626268,IG,close
68b1731bbf772c0b64492909,test004,1756458904.076338,SNAP,open
68b1731bbf772c0b6449290a,test004,1756458908.752715,SNAP,close
68b1731bbf772c0b6449290b,test004,1756458908.7680712,IG,open
68b1731bbf772c0b6449290c,test004,1756458956.314564,SPOT,open
68b1731bbf772c0b6449290d,test004,1756458956.329669,IG,close
68b1731bbf772c0b6449290e,test004,1756458968.52495,SPOT,close
68b1731bbf772c0b6449290f,test004,1756459254.2506208,SPOT,close
68b1731bbf772c0b64492910,test004,1756459254.266293,SNAP,open
68b175752e18122d04c570e1,test004,1756459608.268753,SNAP,close
68b191929d11b5e01b6f3578,test004,1756460883.3420548,WHT,open
68b191929d11b5e01b6f3588,test004,1756461194.122572,WHT,close
68b191929d11b5e01b6f3589,test004,1756461617.024714,TWIT,open
68b191939d11b5e01b6f35a3,test004,1756462137.0368161,TWIT,close
68b1c9d433b6997ec52a66e9,test004,1756476269.932551,TWIT,close
68b1c9d433b6997ec52a683c,test004,1756477956.512851,WHT,open
68b1c9d433b6997ec52a683d,test004,1756477971.70805,WHT,close
68b1c9d433b6997ec52a683e,test004,1756478260.77863,WHT,close
68b1c9d433b6997ec52a683f,test004,1756478265.0155602,WHT,open
68b1c9d433b6997ec52a6840,test004,1756478271.104447,WHT,close
68b1c9d433b6997ec52a6841,test004,1756478274.7241411,SNAP,open
68b1c9d433b6997ec52a6842,test004,1756478302.687103,SNAP,close
68b1c9d433b6997ec52a6882,test004,1756478507.704395,IG,open
68b1c9d433b6997ec52a6883,test004,1756478525.196432,IG,close
68b1c9d433b6997ec52a6884,test004,1756478618.211328,IG,open
68b1c9d433b6997ec52a6885,test004,1756478637.1863542,IG,close
68b1c9d433b6997ec52a6886,test004,1756479048.030212,IG,open
68b1c9d433b6997ec52a6887,test004,1756479057.5742621,IG,close
68b1c9d433b6997ec52a6888,test004,1756479067.166844,IG,open
68b1c9d433b6997ec52a6889,test004,1756479068.465909,IG,close
68b1c9d433b6997ec52a68a6,test004,1756479200.269596,WHT,open
68b1c9d433b6997ec52a68a7,test004,1756479204.94948,WHT,close
68b1c9d433b6997ec52a68a8,test004,1756479303.3483229,WHT,open
68b1c9d433b6997ec52a68a9,test004,1756479329.627262,WHT,close
68b1c9d433b6997ec52a68aa,test004,1756479331.5571609,WHT,open
68b1c9d433b6997ec52a68ab,test004,1756479338.899087,WHT,close
68b1c9d433b6997ec52a68ac,test004,1756479342.824621,WHT,open
68b1c9d433b6997ec52a68ad,test004,1756479350.3159819,WHT,close
68b1c9d433b6997ec52a68ae,test004,1756479355.5115108,WHT,open
68b1c9d433b6997ec52a68af,test004,1756479358.880902,WHT,close
68b1c9d433b6997ec52a68b0,test004,1756479406.830518,WHT,open
68b1c9d433b6997ec52a68b1,test004,1756479409.959584,WHT,close
68b1c9d433b6997ec52a68b2,test004,1756479506.1439219,WHT,open
68b1c9d433b6997ec52a68b3,test004,1756479510.031682,WHT,close
68b1c9d433b6997ec52a68b4,test004,1756479519.98662,WHT,open
68b1c9d433b6997ec52a68b5,test004,1756479523.8890471,WHT,close
68b1c9d433b6997ec52a68b6,test004,1756479525.5744839,WHT,open
68b1c9d433b6997ec52a68b7,test004,1756479528.34778,WHT,close
68b1c9d433b6997ec52a68b8,test004,1756479531.241764,WHT,open
68b1c9d433b6997ec52a68b9,test004,1756479537.474894,WHT,close
68b1c9d433b6997ec52a68ba,test004,1756479538.151805,WHT,open
68b1c9d433b6997ec52a68bb,test004,1756479541.379502,WHT,close
68b1c9d433b6997ec52a68bc,test004,1756479546.6072059,WHT,open
68b1c9d433b6997ec52a68bd,test004,1756479550.998559,WHT,close
68b1c9d433b6997ec52a68be,test004,1756479554.012233,WHT,open
68b1c9d433b6997ec52a68bf,test004,1756479562.912751,WHT,close
68b1c9d433b6997ec52a68c0,test004,1756479562.9280019,IM,open
68b1c9d433b6997ec52a68c1,test004,1756479631.8554502,IM,close
68b1c9d433b6997ec52a68c2,test004,1756479632.8322,WHT,open
68b1c9d433b6997ec52a68c3,test004,1756479635.271178,WHT,close
68b1c9d433b6997ec52a68c4,test004,1756479657.7453089,IM,open
68b1c9d433b6997ec52a68ea,test004,1756479811.663295,IM,close
68b1c9d433b6997ec52a68eb,test004,1756479876.627242,IM,open
68b1c9d433b6997ec52a68ec,test004,1756479889.494206,IM,close
68b1c9d433b6997ec52a68ed,test004,1756479952.0061622,IM,open
68b1c9d433b6997ec52a68ee,test004,1756480027.71344,IM,close
68b1c9d433b6997ec52a68ef,test004,1756480190.988371,IM,open
68b1c9d433b6997ec52a68f0,test004,1756480248.2234569,IM,close
68b1c9d433b6997ec52a6910,test004,1756480335.412187,IM,open
68b1c9d433b6997ec52a6911,test004,1756480464.0554929,IM,close
68b1c9d433b6997ec52a6912,test004,1756480489.533824,IM,open
68b1c9d433b6997ec52a6913,test004,1756480569.326411,IM,close
68b1c9d433b6997ec52a6914,test004,1756480803.792346,IM,open
68b1c9d433b6997ec52a6915,test004,1756480810.781841,IM,close
68b1c9d433b6997ec52a6916,test004,1756480813.156798,IM,open
68b1c9d433b6997ec52a6917,test004,1756480836.1222339,IM,close
68b1c9d433b6997ec52a6918,test004,1756480868.448369,IG,open
68b1c9d433b6997ec52a6958,test004,1756480908.320581,IG,close
68b1c9d433b6997ec52a6959,test004,1756480977.582128,IM,open
68b1c9d433b6997ec52a695a,test004,1756480977.622882,IG,close
68b1c9d433b6997ec52a695b,test004,1756480995.013665,IM,close
68b1c9d433b6997ec52a695c,test004,1756481056.579442,IM,open
68b1c9d433b6997ec52a695d,test004,1756481065.255189,IM,close
68b1c9d433b6997ec52a695e,test004,1756481065.2724562,WHT,open
68b1c9d433b6997ec52a695f,test004,1756481081.0262809,WHT,close
68b1c9d433b6997ec52a6960,test004,1756481081.04141,IM,open
68b1c9d433b6997ec52a6961,test004,1756481089.572526,IM,close
68b1c9d433b6997ec52a6962,test004,1756481113.947383,IM,close
68b1c9d433b6997ec52a6963,test004,1756481114.306315,SNAP,open
68b1c9d433b6997ec52a6964,test004,1756481147.498533,SNAP,close
68b1c9d433b6997ec52a6965,test004,1756481147.521229,WHT,open
68b1c9d433b6997ec52a6966,test004,1756481150.0519109,WHT,close
68b1e5f34609fd50f2a4d565,test004,1756481512.9337358,SNAP,open
68b1e5f34609fd50f2a4d566,test004,1756481519.827804,SNAP,close
68b1e5f34609fd50f2a4d567,test004,1756481592.132582,SNAP,close
68b1e5f34609fd50f2a4d568,test004,1756481759.578939,IM,open
68b1e5f34609fd50f2a4d569,test004,1756481768.804378,IM,close
68b1e5f34609fd50f2a4d56a,test004,1756481785.3150601,IM,open
68b1e5f34609fd50f2a4d56b,test004,1756481786.849389,IM,close
68b1e5f34609fd50f2a4d56c,test004,1756481801.317359,IM,open
68b1e5f34609fd50f2a4d56d,test004,1756481851.812536,IM,close
68b1e5f34609fd50f2a4d595,test004,1756482134.751555,IM,open
68b1e5f34609fd50f2a4d596,test004,1756482198.336854,IM,close
68b1e5f34609fd50f2a4d597,test004,1756482450.237602,IM,close
68b1e5f44609fd50f2a4d5c1,test004,1756483086.467533,IM,open
68b1e5f44609fd50f2a4d5c2,test004,1756483099.395516,IM,close
68b1e5f44609fd50f2a4d5c3,test004,1756483102.633936,SNAP,open
68b1e5f44609fd50f2a4d5c4,test004,1756483123.334093,SNAP,close
68b1e5f44609fd50f2a4d5c5,test004,1756483123.350018,IM,open
68b1e5f44609fd50f2a4d5c6,test004,1756483146.414472,IM,close
68b1e5f44609fd50f2a4d5c7,test004,1756483161.228086,WHT,open
68b1e5f44609fd50f2a4d5c8,test004,1756483183.9351501,WHT,close
68b1e5f44609fd50f2a4d5c9,test004,1756483227.1768541,WHT,close
68b1e5f44609fd50f2a4d5ca,test004,1756483235.902903,IM,open
68b1e5f44609fd50f2a4d5cb,test004,1756483244.032902,IM,close
68b1e5f44609fd50f2a4d602,test004,1756483550.964303,IM,close
68b1e5f44609fd50f2a4d603,test004,1756483596.983572,WHT,open
68b1e5f44609fd50f2a4d604,test004,1756483606.531951,WHT,close
68b1e5f44609fd50f2a4d605,test004,1756483606.5994148,WHT,open
68b1e5f44609fd50f2a4d606,test004,1756483616.8715339,WHT,close
68b1e5f44609fd50f2a4d607,test004,1756483661.7113938,WHT,open
68b1e5f44609fd50f2a4d608,test004,1756483748.362729,WHT,close
68b1e5f44609fd50f2a4d609,test004,1756483859.453718,WHT,close
68b1e5f44609fd50f2a4d651,test004,1756485101.314489,SNAP,open
68b1e5f44609fd50f2a4d652,test004,1756485106.416246,SNAP,close
68b1e5f44609fd50f2a4d653,test004,1756485107.566474,SNAP,open
68b1e5f44609fd50f2a4d654,test004,1756485144.479498,SNAP,close
68b1e5f44609fd50f2a4d655,test004,1756485162.806499,SNAP,open
68b1e5f44609fd50f2a4d656,test004,1756485167.159065,SNAP,close
68b1e5f44609fd50f2a4d7c5,test004,1756487367.199757,SNAP,open
68b1e5f44609fd50f2a4d7d5,test004,1756487914.654121,SNAP,close
68b1e5f44609fd50f2a4d7d6,test004,1756487915.30133,IG,open
68b1e5f44609fd50f2a4d7eb,test004,1756488250.627691,IG,close
68b1e5f44609fd50f2a4d7ec,test004,1756488401.423753,SNAP,open
68b1e5f44609fd50f2a4d7ed,test004,1756488424.487368,SNAP,close
68b1f404e967c14fc0e99826,test004,1756489102.224698,SNAP,open
68b1f404e967c14fc0e99827,test004,1756489137.764089,SNAP,close
68b1f404e967c14fc0e99855,test004,1756489433.957866,SNAP,open
68b1f404e967c14fc0e99856,test004,1756489447.8356872,SNAP,close
68b1f404e967c14fc0e99857,test004,1756489611.905473,SNAP,close
68b1f404e967c14fc0e99858,test004,1756489700.5301561,SNAP,close
68b1f404e967c14fc0e99859,test004,1756489700.5348039,IM,open
68b1f404e967c14fc0e9985a,test004,1756489723.932558,IM,close
68b1f404e967c14fc0e9985b,test004,1756489752.195747,IM,close
68b1f404e967c14fc0e99889,test004,1756490047.728095,IM,open
68b1f404e967c14fc0e9988a,test004,1756490048.907487,IM,close
68b1f404e967c14fc0e9988b,test004,1756490054.891745,SNAP,open
68b1f404e967c14fc0e9988c,test004,1756490083.2755818,IG,open
68b1f404e967c14fc0e9988d,test004,1756490083.2921119,SNAP,close
68b1f404e967c14fc0e9988e,test004,1756490093.667653,IG,close
68b1f404e967c14fc0e9988f,test004,1756490093.68484,SNAP,open
68b1f404e967c14fc0e99890,test004,1756490165.115144,SNAP,close
68b1f404e967c14fc0e99891,test004,1756490176.012766,SNAP,open
68b1f404e967c14fc0e99892,test004,1756490184.166051,SNAP,close
68b1f404e967c14fc0e99893,test004,1756490187.886972,SNAP,open
68b1f404e967c14fc0e99894,test004,1756490193.470448,SNAP,close
68b1f404e967c14fc0e99895,test004,1756490307.017281,SNAP,close
68b1f404e967c14fc0e99896,test004,1756490321.4691172,SNAP,open
68b1f404e967c14fc0e99897,test004,1756490331.479526,SNAP,close
68b1f404e967c14fc0e99898,test004,1756490340.782757,SNAP,close
68b1f404e967c14fc0e99899,test004,1756490373.850702,IM,open
68b1f404e967c14fc0e9989a,test004,1756490385.9532619,IM,close
68b1f404e967c14fc0e9989b,test004,1756490385.970428,SNAP,open
68b1f404e967c14fc0e9989c,test004,1756490393.836961,IG,open
68b1f404e967c14fc0e9989d,test004,1756490393.854182,SNAP,close
68b1f404e967c14fc0e9989e,test004,1756490419.361168,IM,open
68b1f404e967c14fc0e9989f,test004,1756490419.364928,IG,close
68b1f404e967c14fc0e998a7,test004,1756490500.942947,IM,close
68b1f404e967c14fc0e998a8,test004,1756490534.3692222,IM,open
68b1f404e967c14fc0e998a9,test004,1756490538.832265,IM,close
68b1f404e967c14fc0e998aa,test004,1756490541.263658,IM,open
68b1f404e967c14fc0e998ab,test004,1756490612.005369,IM,close
68b1f404e967c14fc0e998ac,test004,1756490612.219507,SNAP,open
68b1f404e967c14fc0e998ad,test004,1756490614.036947,SNAP,close
68b1f404e967c14fc0e998ae,test004,1756490614.053596,IM,open
68b1f404e967c14fc0e998af,test004,1756490939.980287,IM,close
68b1f404e967c14fc0e998b0,test004,1756490950.420948,IM,open
68b1f404e967c14fc0e998b1,test004,1756491020.785667,IM,close
68b1f404e967c14fc0e998b2,test004,1756491031.494772,IM,open
68b1f404e967c14fc0e998ce,test004,1756491139.020434,IM,close
68b1f404e967c14fc0e998cf,test004,1756491405.615427,SNAP,open
68b1f404e967c14fc0e998d0,test004,1756491413.049543,SNAP,close
68b1f404e967c14fc0e998d1,test004,1756491426.8808599,SNAP,open
68b1f404e967c14fc0e998d2,test004,1756491528.2549639,SNAP,close
68b1f404e967c14fc0e998d3,test004,1756491563.7857609,SNAP,open
68b1f404e967c14fc0e998d4,test004,1756491565.5695438,SNAP,close
68b210229a74aaf13991bb53,test004,1756491833.46788,IG,open
68b210229a74aaf13991bb54,test004,1756491848.387059,IG,close
68b210229a74aaf13991bb55,test004,1756491852.354032,SNAP,open
68b210229a74aaf13991bb56,test004,1756491886.226331,SNAP,close
68b210229a74aaf13991bb57,test004,1756491936.764515,SNAP,open
68b210229a74aaf13991bb58,test004,1756491988.3071752,SNAP,close
68b210229a74aaf13991bb59,test004,1756492022.418196,SNAP,open
68b210229a74aaf13991bb5a,test004,1756492039.9078631,SNAP,close
68b210229a74aaf13991bb5b,test004,1756492100.1589231,SNAP,close
68b210229a74aaf13991bb5c,test004,1756492163.531649,SNAP,open
68b210229a74aaf13991bb5d,test004,1756492200.083112,SNAP,close
68b210229a74aaf13991bbaa,test004,1756492347.203302,SNAP,open
68b210229a74aaf13991bbab,test004,1756492382.322983,SNAP,close
68b210229a74aaf13991bbac,test004,1756492392.51442,SNAP,open
68b210229a74aaf13991bbad,test004,1756492445.926101,SNAP,close
68b210229a74aaf13991bbae,test004,1756492510.7137141,SNAP,close
68b210229a74aaf13991bbaf,test004,1756492542.766161,SNAP,open
68b210229a74aaf13991bbb0,test004,1756492553.199697,SNAP,close
68b210229a74aaf13991bbb1,test004,1756492612.003913,SNAP,close
68b210229a74aaf13991bc8a,test004,1756493249.8110409,SNAP,open
68b210229a74aaf13991bc8b,test004,1756493254.581242,SNAP,close
68b210229a74aaf13991bc8c,test004,1756493270.16644,SNAP,close
68b210229a74aaf13991bcba,test004,1756493571.280438,SNAP,open
68b210229a74aaf13991bcbb,test004,1756493602.17869,SNAP,close
68b210229a74aaf13991bcbc,test004,1756493602.74295,SNAP,open
68b210229a74aaf13991bcbd,test004,1756493611.642909,SNAP,close
68b210229a74aaf13991bcbe,test004,1756493613.9206228,IG,open
68b210229a74aaf13991bcbf,test004,1756493618.5843549,SNAP,open
68b210229a74aaf13991bcc0,test004,1756493618.601618,IG,close
68b210229a74aaf13991bcc1,test004,1756493653.53084,SNAP,close
68b210229a74aaf13991bcc2,test004,1756493655.509342,IG,open
68b210229a74aaf13991bcc3,test004,1756493694.6883988,IG,close
68b210229a74aaf13991bcc4,test004,1756493736.891288,IG,open
68b210229a74aaf13991bcc5,test004,1756493739.46071,IG,close
68b210229a74aaf13991bcc6,test004,1756493739.4783769,SNAP,open
68b210229a74aaf13991bcc7,test004,1756493801.0615392,SNAP,close
68b210229a74aaf13991bcc8,test004,1756493880.9111562,SNAP,close
68b210229a74aaf13991bcc9,test004,1756493901.704678,SNAP,close
68b210229a74aaf13991bcf9,test004,1756494172.356045,SNAP,open
68b210229a74aaf13991bcfa,test004,1756494175.65211,SNAP,close
68b210229a74aaf13991bcfb,test004,1756494551.892236,SNAP,close
68b210229a74aaf13991bd2a,test004,1756494888.158488,SNAP,close
68b210229a74aaf13991bd2b,test004,1756495054.153861,TWIT,open
68b210229a74aaf13991bd2c,test004,1756495065.0705419,TWIT,close
68b210239a74aaf13991bd52,test004,1756495915.0066319,TWIT,close
68b210239a74aaf13991bd53,test004,1756495915.02332,SNAP,open
68b210239a74aaf13991bd79,test004,1756496927.397955,SNAP,open
68b210239a74aaf13991bd7a,test004,1756496928.1134648,SNAP,close
68b22c424b2302a07e0dc7a6,test004,1756501179.6360068,IG,open
68b2622ac5b1f9423c3e0239,test004,1756519842.6527781,IG,close
68b2622ac5b1f9423c3e023a,test004,1756519842.927979,IM,close
68b2622ac5b1f9423c3e023b,test004,1756519843.1541262,IG,open
68b2622ac5b1f9423c3e023c,test004,1756519848.8135,IG,open
68b2622ac5b1f9423c3e023d,test004,1756519930.496139,IG,close
68b2622ac5b1f9423c3e023e,test004,1756519930.500795,IM,open
68b2622ac5b1f9423c3e0247,test004,1756519987.203638,IM,close
68b2622ac5b1f9423c3e0248,test004,1756519987.678197,IG,open
68b2622ac5b1f9423c3e0249,test004,1756520005.951649,IM,open
68b2622ac5b1f9423c3e024a,test004,1756520005.9566212,IG,close
68b2622ac5b1f9423c3e024b,test004,1756520084.949522,IM,close
68b2622ac5b1f9423c3e024c,test004,1756520085.0350518,SNAP,open
68b2622ac5b1f9423c3e024d,test004,1756520097.731467,IM,open
68b2622ac5b1f9423c3e024e,test004,1756520097.735457,SNAP,close
68b2622ac5b1f9423c3e024f,test004,1756520106.097705,SNAP,open
68b2622ac5b1f9423c3e0250,test004,1756520106.105795,IM,close
68b2622ac5b1f9423c3e0251,test004,1756520149.641807,SNAP,close
68b2622ac5b1f9423c3e0252,test004,1756520149.645947,IM,open
68b2622ac5b1f9423c3e0253,test004,1756520186.282594,IM,close
68b2622ac5b1f9423c3e0254,test004,1756520186.316739,SNAP,open
68b2622ac5b1f9423c3e0255,test004,1756520218.479189,SNAP,close
68b2622ac5b1f9423c3e0256,test004,1756520218.979727,SNAP,open
68b2622ac5b1f9423c3e0257,test004,1756520220.618727,SNAP,close
68b2622ac5b1f9423c3e0258,test004,1756520220.62462,IM,open
68b2622ac5b1f9423c3e0259,test004,1756520249.009969,IM,close
68b2622ac5b1f9423c3e025a,test004,1756520249.5500898,IG,open
68b2622ac5b1f9423c3e025b,test004,1756520339.2191439,IG,close
68b2622ac5b1f9423c3e025c,test004,1756520339.227254,SNAP,open
68b2622ac5b1f9423c3e025d,test004,1756520420.1273708,IM,open
68b2622ac5b1f9423c3e025e,test004,1756520420.132019,SNAP,close
68b2622ac5b1f9423c3e025f,test004,1756520432.299959,IM,close
68b2622ac5b1f9423c3e0260,test004,1756520432.303691,SNAP,open
68b2622ac5b1f9423c3e0261,test004,1756520454.974553,IM,open
68b2622ac5b1f9423c3e0262,test004,1756520454.978459,SNAP,close
68b2622ac5b1f9423c3e0263,test004,1756520490.481336,IM,close
68b2622ac5b1f9423c3e0264,test004,1756520490.891197,SNAP,open
68b2622ac5b1f9423c3e0265,test004,1756520522.276651,SNAP,close
68b26933fa0fee55dd91701d,test004,1756521361.2463589,IM,open
68b26933fa0fee55dd91701e,test004,1756521384.637137,SNAP,open
68b26933fa0fee55dd91701f,test004,1756521384.640802,IM,close
68b26933fa0fee55dd917020,test004,1756521424.077961,IM,open
68b26933fa0fee55dd917021,test004,1756521424.0857,SNAP,close
68b26933fa0fee55dd917022,test004,1756521425.513153,IM,close
68b26933fa0fee55dd917023,test004,1756521635.208794,SNAP,open
68b26933fa0fee55dd917024,test004,1756521660.149538,SNAP,close
68b26933fa0fee55dd917045,test004,1756521942.6086922,IG,open
68b26933fa0fee55dd917046,test004,1756522111.070177,IG,close
68b26933fa0fee55dd917047,test004,1756522148.854898,IG,close
68b26933fa0fee55dd917048,test004,1756522148.8874168,SNAP,open
68b26933fa0fee55dd917049,test004,1756522171.123009,SNAP,close
68b26933fa0fee55dd91704a,test004,1756522172.4086518,IG,open
68b26933fa0fee55dd91704b,test004,1756522207.9444199,IG,close
68b26933fa0fee55dd91704c,test004,1756522207.950729,SNAP,open
68b26933fa0fee55dd91704d,test004,1756522225.032597,IG,open
68b26933fa0fee55dd91704e,test004,1756522225.0390291,SNAP,close
68b26de13c46be163de89bd0,test004,1756522559.353067,IG,close
68b26de13c46be163de89bd1,test004,1756522562.934557,IG,open
68b26de13c46be163de89bd2,test004,1756522937.178518,IG,close
68b26de13c46be163de89bd3,test004,1756522937.531791,SPOT,open
68b26de23c46be163de89c06,test004,1756522952.625761,SPOT,close
68b26de23c46be163de89c07,test004,1756523019.340554,SPOT,close
68b26de23c46be163de89c08,test004,1756523019.34446,SNAP,open
68b26de23c46be163de89c09,test004,1756523046.967947,SNAP,close
68b26de23c46be163de89c0a,test004,1756523047.357362,IG,open
68b26de23c46be163de89c0b,test004,1756523082.7137809,IG,close
68b26de23c46be163de89c0c,test004,1756523218.250142,IG,close
68b26de23c46be163de89c0d,test004,1756523219.807756,SNAP,open
68b26de23c46be163de89c0e,test004,1756523276.510672,SNAP,close
68b26de23c46be163de89c0f,test004,1756523490.3438811,SNAP,close
68b26de23c46be163de89c10,test004,1756523540.3651829,SNAP,close
68b2706a1c4889f19b292e65,test004,1756523555.924761,IG,open
68b2706a1c4889f19b292e66,test004,1756523642.7678819,IG,close
68b274fabc81ed57b6aede1f,test004,1756524758.833856,SNAP,open
68b274fabc81ed57b6aede20,test004,1756524764.1539521,SNAP,close
68b274fabc81ed57b6aede21,test004,1756524764.396604,IG,open
68b274fabc81ed57b6aede22,test004,1756524769.4911752,IG,close
68b274fabc81ed57b6aede23,test004,1756524769.499477,SNAP,open
68b274fabc81ed57b6aede24,test004,1756525008.625457,SNAP,close
68b274fabc81ed57b6aede25,test004,1756525009.1111999,IG,open
68b274fabc81ed57b6aede26,test004,1756525020.795388,IG,close
68b274fabc81ed57b6aede27,test004,1756525024.1002069,SPOT,open
68b274fabc81ed57b6aede28,test004,1756525029.5851312,SPOT,close
68b274fabc81ed57b6aede29,test004,1756525029.591135,SPOT,open
68b274fabc81ed57b6aede2a,test004,1756525030.511742,SNAP,open
68b274fabc81ed57b6aede2b,test004,1756525031.308055,SNAP,close
68b274fabc81ed57b6aede2c,test004,1756525031.493571,SNAP,open
68b274fabc81ed57b6aede2d,test004,1756525045.1762872,SNAP,close
68b274fabc81ed57b6aede2e,test004,1756525045.482692,IG,open
68b274fabc81ed57b6aede2f,test004,1756525069.111409,IG,close
68b274fabc81ed57b6aede30,test004,1756525069.2430391,SNAP,open
68b274fabc81ed57b6aede31,test004,1756525081.017867,WHT,open
68b274fabc81ed57b6aede32,test004,1756525081.024431,SNAP,close
68b274fabc81ed57b6aede33,test004,1756525085.5450249,WHT,close
68b274fabc81ed57b6aede34,test004,1756525194.4239721,WHT,open
68b274fabc81ed57b6aede35,test004,1756525207.0937371,WHT,close
68b274fabc81ed57b6aede36,test004,1756525207.724334,SNAP,open
68b274fabc81ed57b6aede37,test004,1756525220.3079262,SNAP,close
68b274fabc81ed57b6aede38,test004,1756525220.315418,IG,open
68b274fabc81ed57b6aede39,test004,1756525260.484257,IG,close
68b274fabc81ed57b6aede3a,test004,1756525262.1183538,IG,open
68b274fabc81ed57b6aede3b,test004,1756525302.083766,SNAP,open
68b274fabc81ed57b6aede3c,test004,1756525302.090615,IG,close
68b293625886b7b098defc62,test004,1756526224.450166,SNAP,close
68b293625886b7b098defc63,test004,1756526375.110364,SNAP,open
68b293625886b7b098defc64,test004,1756526398.5621,SNAP,close
