_id,uid,timestamp,brightness
68afe00d6ce213cee766af27,test004,1756353602.0,0.4
68afe00d6ce213cee766af28,test004,1756353612.0,0.0
68afe00d6ce213cee766af29,test004,1756353613.0,0.4
68afe00d6ce213cee766af2a,test004,1756353619.0,0.0
68afe00d6ce213cee766af2b,test004,1756353624.0,0.4
68afe00d6ce213cee766af39,test004,1756353625.0,0.0
68afe00d6ce213cee766af3a,test004,1756353628.0,0.4
68afe00d6ce213cee766af3b,test004,1756353634.0,0.0
68afe00d6ce213cee766af3c,test004,1756353646.0,0.2
68afe00d6ce213cee766af3d,test004,1756353650.0,0.3
68afe00d6ce213cee766af3f,test004,1756353671.0,0.25
68afe00d6ce213cee766af40,test004,1756353673.0,0.3
68afe00d6ce213cee766af41,test004,1756353674.0,0.0
68afe00d6ce213cee766af42,test004,1756353677.0,0.15
68afe00d6ce213cee766af43,test004,1756353678.0,0.0
68afe00d6ce213cee766af49,test004,1756353716.0,0.45
68afe00d6ce213cee766af4a,test004,1756353762.0,0.0
68afe00d6ce213cee766af4b,test004,1756353776.0,0.4
68afe00d6ce213cee766af4c,test004,1756353784.0,0.0
68afe00d6ce213cee766af4d,test004,1756354259.0,0.3
68afe00d6ce213cee766af4e,test004,1756354261.0,0.4
68afe00d6ce213cee766af6b,test004,1756354339.0,0.0
68afe00d6ce213cee766af6c,test004,1756354341.0,0.4
68afe00d6ce213cee766af6d,test004,1756354364.0,0.0
68afe00d6ce213cee766af6e,test004,1756354368.0,0.05
68afe00d6ce213cee766af95,test004,1756355950.0,0.25
68afe00d6ce213cee766af96,test004,1756355964.0,0.15
68afe00d6ce213cee766af97,test004,1756355970.0,0.25
68afe00d6ce213cee766af98,test004,1756355972.0,0.3
68afe00d6ce213cee766af99,test004,1756355979.0,0.25
68afe00d6ce213cee766af9a,test004,1756355985.0,0.15
68afe00d6ce213cee766af9b,test004,1756355990.0,0.25
68afe00d6ce213cee766af9c,test004,1756355992.0,0.3
68afe00d6ce213cee766af9d,test004,1756355999.0,0.25
68afe00d6ce213cee766af9e,test004,1756356006.0,0.15
68afe00d6ce213cee766af9f,test004,1756356010.0,0.1
68afe00d6ce213cee766afa0,test004,1756356011.0,0.15
68afe00d6ce213cee766afa1,test004,1756356013.0,0.25
68afe00d6ce213cee766afa3,test004,1756356023.0,0.25
68afe00d6ce213cee766afa4,test004,1756356029.0,0.15
68afe00d6ce213cee766afa5,test004,1756356031.0,0.25
68afe00d6ce213cee766afa6,test004,1756356032.0,0.3
68afe00d6ce213cee766afa7,test004,1756356042.0,0.25
68afe00d6ce213cee766afa8,test004,1756356043.0,0.0
68afe253c6cec652f47f7df8,test004,1756356217.0,0.05
68afe253c6cec652f47f7dfb,test004,1756356218.0,0.25
68afe7069dd923b91ffdc74f,test004,1756356744.0,0.35
68afe7069dd923b91ffdc750,test004,1756356747.0,0.4
68afe7069dd923b91ffdc751,test004,1756356756.0,0.35
68afe7069dd923b91ffdc752,test004,1756356764.0,0.4
68afe7069dd923b91ffdc772,test004,1756357452.0,0.35
68afe7069dd923b91ffdc773,test004,1756357456.0,0.25
68afe7069dd923b91ffdc774,test004,1756357457.0,0.3
68afe7069dd923b91ffdc775,test004,1756357460.0,0.4
68afe7069dd923b91ffdc776,test004,1756357489.0,0.0
68afe7069dd923b91ffdc777,test004,1756357514.0,0.4
68afe95baa12a9a2e2a833d6,test004,1756357942.0,0.0
68aff5155928c2e13e959a2c,test004,1756361026.0,0.4
68aff5155928c2e13e959a2d,test004,1756361051.0,0.0
68affc1de0eab137e5009dd3,test004,1756362490.0,0.4
68affc1de0eab137e5009dd4,test004,1756362582.0,0.0
68affc1de0eab137e5009de0,test004,1756362756.0,0.4
68affc1de0eab137e5009de1,test004,1756363033.0,0.35
68affc1de0eab137e5009de2,test004,1756363037.0,0.25
68affc1de0eab137e5009de3,test004,1756363043.0,0.15
68affc1de0eab137e5009de4,test004,1756363047.0,0.1
68affc1de0eab137e5009de5,test004,1756363053.0,0.05
68affc1de0eab137e5009de6,test004,1756363062.0,0.0
68b0390d5e491c3a87fce2ec,test004,1756378879.0,0.05
68b03dbcb4a4924a619135c5,test004,1756378885.0,0.0
68b04014f7aea397a8667bed,test004,1756379948.0,0.05
68b04014f7aea397a8667bee,test004,1756379954.0,0.0
68b044c47064f360347fdfaa,test004,1756380971.0,0.05
68b044c47064f360347fdfab,test004,1756380973.0,0.1
68b044c47064f360347fdfac,test004,1756380977.0,0.0
68b044c47064f360347fdfad,test004,1756381233.0,0.05
68b044c47064f360347fdfae,test004,1756381236.0,0.1
68b044c47064f360347fdfaf,test004,1756381240.0,0.0
68b0471cc3cfd757bd36bd2d,test004,1756381321.0,0.05
68b0471cc3cfd757bd36bd2e,test004,1756381323.0,0.1
68b0471cc3cfd757bd36bd2f,test004,1756381327.0,0.0
68b0471cc3cfd757bd36bd38,test004,1756381947.0,0.1
68b0471cc3cfd757bd36bd39,test004,1756381953.0,0.0
68b04bcc391f35a011c6df46,test004,1756382505.0,0.1
68b04bcc391f35a011c6df47,test004,1756382511.0,0.0
68b04e23fa7482096af70f5a,test004,1756384004.0,0.1
68b04e23fa7482096af70f5b,test004,1756384010.0,0.0
68b04e23fa7482096af70f5c,test004,1756384103.0,0.1
68b04e23fa7482096af70f5d,test004,1756384110.0,0.0
68b04e23fa7482096af70f5e,test004,1756384148.0,0.1
68b04e23fa7482096af70f5f,test004,1756384154.0,0.0
68b04e23fa7482096af70f60,test004,1756384263.0,0.1
68b04e23fa7482096af70f61,test004,1756384269.0,0.0
68b052d54699af93828408e2,test004,1756385074.0,0.1
68b052d54699af93828408e3,test004,1756385081.0,0.0
68b052d54699af93828408e4,test004,1756385355.0,0.1
68b052d54699af93828408e5,test004,1756385361.0,0.0
68b05785bccebfa70562ac1f,test004,1756385494.0,0.1
68b05785bccebfa70562ac20,test004,1756385500.0,0.0
68b05785bccebfa70562ac21,test004,1756385505.0,0.1
68b05785bccebfa70562ac22,test004,1756385511.0,0.0
68b05785bccebfa70562ac23,test004,1756385535.0,0.1
68b05785bccebfa70562ac24,test004,1756385541.0,0.0
68b05785bccebfa70562ac25,test004,1756385570.0,0.1
68b05785bccebfa70562ac26,test004,1756385576.0,0.0
68b05785bccebfa70562ac27,test004,1756385691.0,0.1
68b05785bccebfa70562ac28,test004,1756385697.0,0.0
68b05785bccebfa70562ac29,test004,1756385716.0,0.1
68b05785bccebfa70562ac2a,test004,1756385722.0,0.0
68b05785bccebfa70562ac2b,test004,1756385738.0,0.1
68b05785bccebfa70562ac2c,test004,1756385744.0,0.0
68b05785bccebfa70562ac2d,test004,1756385758.0,0.1
68b05785bccebfa70562ac2e,test004,1756385764.0,0.0
68b05785bccebfa70562ac2f,test004,1756385818.0,0.1
68b05785bccebfa70562ac30,test004,1756385824.0,0.0
68b05785bccebfa70562ac31,test004,1756385982.0,0.1
68b05785bccebfa70562ac32,test004,1756385985.0,0.15
68b05785bccebfa70562ac33,test004,1756385989.0,0.0
68b05785bccebfa70562ac51,test004,1756386396.0,0.15
68b05785bccebfa70562ac52,test004,1756386402.0,0.0
68b05785bccebfa70562ac53,test004,1756386412.0,0.15
68b05785bccebfa70562ac54,test004,1756386418.0,0.0
68b05785bccebfa70562ac55,test004,1756386534.0,0.15
68b05785bccebfa70562ac56,test004,1756386540.0,0.0
68b059dcecc0693f5ff8fec7,test004,1756386825.0,0.15
68b059dcecc0693f5ff8fec8,test004,1756386831.0,0.0
68b059dcecc0693f5ff8fec9,test004,1756386914.0,0.15
68b059dcecc0693f5ff8feca,test004,1756386920.0,0.0
68b05e8d2053b253077179ca,test004,1756387326.0,0.15
68b05e8d2053b253077179cb,test004,1756387332.0,0.0
68b05e8d2053b253077179cc,test004,1756387881.0,0.15
68b05e8d2053b253077179df,test004,1756387887.0,0.0
68b05e8d2053b253077179e0,test004,1756388080.0,0.15
68b05e8d2053b253077179e1,test004,1756388086.0,0.0
68b05e8d2053b253077179e2,test004,1756388316.0,0.15
68b05e8d2053b253077179e3,test004,1756388322.0,0.0
68b060e4e1650c06225841bd,test004,1756388704.0,0.15
68b060e4e1650c06225841be,test004,1756388710.0,0.0
68b060e4e1650c06225841bf,test004,1756388719.0,0.15
68b060e4e1650c06225841c0,test004,1756388725.0,0.0
68b060e4e1650c06225841c1,test004,1756388902.0,0.15
68b060e4e1650c06225841c2,test004,1756388908.0,0.0
68b060e4e1650c06225841c3,test004,1756388944.0,0.15
68b060e4e1650c06225841c4,test004,1756388950.0,0.0
68b060e4e1650c06225841c5,test004,1756389068.0,0.15
68b060e4e1650c06225841c6,test004,1756389074.0,0.0
68b065953b1dbfac6485a16b,test004,1756389142.0,0.15
68b065953b1dbfac6485a16c,test004,1756389148.0,0.0
68b065953b1dbfac6485a16d,test004,1756389596.0,0.15
68b065953b1dbfac6485a16e,test004,1756389602.0,0.0
68b065953b1dbfac6485a16f,test004,1756389664.0,0.15
68b065953b1dbfac6485a170,test004,1756389670.0,0.0
68b065953b1dbfac6485a184,test004,1756389716.0,0.15
68b065953b1dbfac6485a185,test004,1756389722.0,0.0
68b065953b1dbfac6485a186,test004,1756390138.0,0.2
68b065953b1dbfac6485a187,test004,1756390144.0,0.0
68b065953b1dbfac6485a188,test004,1756390261.0,0.15
68b065953b1dbfac6485a189,test004,1756390276.0,0.0
68b067ebde820be956fc091b,test004,1756390329.0,0.2
68b067ebde820be956fc091c,test004,1756390339.0,0.0
68b067ebde820be956fc091d,test004,1756390479.0,0.2
68b067ebde820be956fc091e,test004,1756390489.0,0.0
68b06c9cec84d468deec38b7,test004,1756391728.0,0.2
68b06c9cec84d468deec38b8,test004,1756391738.0,0.0
68b06c9cec84d468deec38b9,test004,1756391891.0,0.2
68b06c9cec84d468deec38ba,test004,1756391901.0,0.0
68b06c9cec84d468deec38bb,test004,1756391902.0,0.2
68b06c9cec84d468deec38bc,test004,1756391912.0,0.0
68b06ef7018cd9dd625badee,test004,1756392100.0,0.2
68b06ef7018cd9dd625badef,test004,1756392110.0,0.0
68b06ef7018cd9dd625badf0,test004,1756392132.0,0.2
68b06ef7018cd9dd625badf1,test004,1756392142.0,0.0
68b06ef7018cd9dd625badf2,test004,1756392182.0,0.2
68b06ef7018cd9dd625badf3,test004,1756392192.0,0.0
68b06ef7018cd9dd625badf4,test004,1756392210.0,0.2
68b06ef7018cd9dd625badf5,test004,1756392220.0,0.0
68b073a5ebd8e81047c84840,test004,1756393420.0,0.2
68b073a5ebd8e81047c84841,test004,1756393430.0,0.0
68b073a5ebd8e81047c84842,test004,1756393547.0,0.2
68b073a5ebd8e81047c84843,test004,1756393557.0,0.0
68b073a5ebd8e81047c84844,test004,1756393779.0,0.2
68b073a5ebd8e81047c84845,test004,1756393789.0,0.0
68b075fb7857c286823ac58d,test004,1756394242.0,0.05
68b075fb7857c286823ac58e,test004,1756394243.0,0.1
68b075fb7857c286823ac58f,test004,1756394244.0,0.15
68b07aad8dcc107e6b69b32f,test004,1756394596.0,0.0
68b07aad8dcc107e6b69b330,test004,1756394609.0,0.15
68b07aad8dcc107e6b69b331,test004,1756394944.0,0.25
68b07aad8dcc107e6b69b332,test004,1756394952.0,0.15
68b07aad8dcc107e6b69b333,test004,1756394961.0,0.1
68b07aad8dcc107e6b69b334,test004,1756394972.0,0.15
68b07aad8dcc107e6b69b335,test004,1756394979.0,0.0
68b07aad8dcc107e6b69b336,test004,1756394982.0,0.2
68b07aad8dcc107e6b69b337,test004,1756394990.0,0.0
68b07aad8dcc107e6b69b338,test004,1756395007.0,0.05
68b07aad8dcc107e6b69b339,test004,1756395008.0,0.0
68b07aad8dcc107e6b69b33a,test004,1756395010.0,0.35
68b07aad8dcc107e6b69b33b,test004,1756395011.0,0.4
68b081b516c550625bb509c9,test004,1756397005.0,0.0
68b081b516c550625bb509ca,test004,1756397014.0,0.45
68b081b516c550625bb509cc,test004,1756397015.0,0.4
68b081b516c550625bb509ce,test004,1756397028.0,0.45
68b081b516c550625bb509cf,test004,1756397029.0,0.0
68b081b516c550625bb509d0,test004,1756397031.0,0.4
68b081b516c550625bb509d1,test004,1756397038.0,0.0
68b081b516c550625bb509d2,test004,1756397048.0,0.4
68b0866430ae1a4d7c0aa31b,test004,1756397704.0,0.0
68b0866430ae1a4d7c0aa31d,test004,1756397706.0,0.0
68b0866430ae1a4d7c0aa31e,test004,1756397719.0,0.45
68b0866430ae1a4d7c0aa31f,test004,1756397958.0,0.0
68b0866430ae1a4d7c0aa321,test004,1756397961.0,0.0
68b0866430ae1a4d7c0aa322,test004,1756398033.0,0.4
68b0866430ae1a4d7c0aa349,test004,1756398381.0,0.0
68b088bcb92ca0798597befb,test004,1756398822.0,0.4
68b088bcb92ca0798597befc,test004,1756398877.0,0.0
68b08d6c2e8edf2294af1bb6,test004,1756399375.0,0.4
68b08d6c2e8edf2294af1bb7,test004,1756399378.0,0.0
68b0921bd0f3216b6c3faa10,test004,1756401141.0,0.4
68b0921bd0f3216b6c3faa11,test004,1756401218.0,0.0
68b0a02a5ee88f3ce53ba452,test004,1756404298.0,0.4
68b0a02a5ee88f3ce53ba453,test004,1756404535.0,0.0
68b0a02a5ee88f3ce53ba454,test004,1756404592.0,0.4
68b0a02a5ee88f3ce53ba455,test004,1756404598.0,0.0
68b0a02a5ee88f3ce53ba456,test004,1756404634.0,0.4
68b0a02a5ee88f3ce53ba457,test004,1756404640.0,0.0
68b0a02a5ee88f3ce53ba458,test004,1756404651.0,0.4
68b0a02a5ee88f3ce53ba459,test004,1756404657.0,0.0
68b0a2850c85acded482a976,test004,1756404873.0,0.4
68b0a2850c85acded482a986,test004,1756405344.0,0.0
68b0a2850c85acded482a987,test004,1756405355.0,0.25
68b0a2850c85acded482a988,test004,1756405362.0,0.3
68b0a2850c85acded482a989,test004,1756405366.0,0.4
68b0a733304e5e093ebe56fb,test004,1756406041.0,0.0
68b0a733304e5e093ebe56fc,test004,1756406071.0,0.4
68b0a733304e5e093ebe56fd,test004,1756406091.0,0.0
68b0a733304e5e093ebe56ff,test004,1756406092.0,0.0
68b0a733304e5e093ebe5700,test004,1756406137.0,0.45
68b0a733304e5e093ebe5701,test004,1756406143.0,0.0
68b0a733304e5e093ebe5702,test004,1756406154.0,0.45
68b0a733304e5e093ebe5703,test004,1756406202.0,0.0
68b0a733304e5e093ebe5704,test004,1756406207.0,0.5
68b0a733304e5e093ebe5706,test004,1756406208.0,0.5
68b0a733304e5e093ebe5707,test004,1756406401.0,0.0
68b0a733304e5e093ebe5708,test004,1756406402.0,0.45
68b0a733304e5e093ebe5709,test004,1756406408.0,0.0
68b0a733304e5e093ebe570a,test004,1756406425.0,0.45
68b0a733304e5e093ebe570b,test004,1756406431.0,0.0
68b0a98c31b3e2c479f746ba,test004,1756406560.0,0.45
68b0a98c31b3e2c479f746bb,test004,1756406566.0,0.0
68b0a98c31b3e2c479f746bc,test004,1756407037.0,0.5
68b0a98c31b3e2c479f746bd,test004,1756407043.0,0.0
68b0a98c31b3e2c479f746be,test004,1756407079.0,0.4
68b0a98d31b3e2c479f746e7,test004,1756407214.0,0.0
68b0a98d31b3e2c479f746e8,test004,1756407223.0,0.45
68b0a98d31b3e2c479f746e9,test004,1756407254.0,0.0
68b0a98d31b3e2c479f746ea,test004,1756407546.0,0.5
68b0a98d31b3e2c479f746eb,test004,1756407589.0,0.0
68b0a98d31b3e2c479f746ec,test004,1756407666.0,0.5
68b0a98d31b3e2c479f746ed,test004,1756407672.0,0.0
68b0a98d31b3e2c479f746ee,test004,1756407682.0,0.45
68b0ae3cdd80d39a0fde12b6,test004,1756407683.0,0.0
68b0ae3cdd80d39a0fde12b7,test004,1756407742.0,0.5
68b0ae3cdd80d39a0fde12b8,test004,1756407790.0,0.0
68b0ae3cdd80d39a0fde12b9,test004,1756407841.0,0.5
68b0ae3cdd80d39a0fde12ba,test004,1756407862.0,0.0
68b0ae3cdd80d39a0fde12bb,test004,1756407996.0,0.5
68b0ae3cdd80d39a0fde12bc,test004,1756408009.0,0.0
68b0ae3cdd80d39a0fde12bd,test004,1756408143.0,0.5
68b0ae3cdd80d39a0fde12be,test004,1756408149.0,0.0
68b0b0937d881ffcafec5aab,test004,1756408310.0,0.5
68b0b0937d881ffcafec5aac,test004,1756408316.0,0.0
68b0b0937d881ffcafec5aad,test004,1756408384.0,0.5
68b0b0937d881ffcafec5aae,test004,1756408407.0,0.0
68b0b0937d881ffcafec5aaf,test004,1756408465.0,0.5
68b0b0937d881ffcafec5ab0,test004,1756408474.0,0.0
68b0b0937d881ffcafec5ab1,test004,1756408585.0,0.5
68b0b0937d881ffcafec5ab2,test004,1756408607.0,0.0
68b0b0937d881ffcafec5ab3,test004,1756408613.0,0.5
68b0b0937d881ffcafec5ab4,test004,1756408627.0,0.0
68b0b0937d881ffcafec5ab5,test004,1756408641.0,0.5
68b0b0937d881ffcafec5ab6,test004,1756408647.0,0.0
68b0b0937d881ffcafec5ab7,test004,1756408698.0,0.5
68b0b0937d881ffcafec5ab8,test004,1756408704.0,0.0
68b0b0937d881ffcafec5ab9,test004,1756408782.0,0.5
68b0b0937d881ffcafec5aba,test004,1756408796.0,0.0
68b0b0937d881ffcafec5ade,test004,1756408888.0,0.5
68b0b0937d881ffcafec5adf,test004,1756408936.0,0.0
68b0b0937d881ffcafec5ae0,test004,1756408942.0,0.5
68b0b0937d881ffcafec5ae1,test004,1756408948.0,0.0
68b0b0937d881ffcafec5ae2,test004,1756408950.0,0.5
68b0b0937d881ffcafec5ae3,test004,1756408956.0,0.0
68b0b0937d881ffcafec5ae4,test004,1756409040.0,0.5
68b0b0937d881ffcafec5ae5,test004,1756409046.0,0.0
68b0b0937d881ffcafec5ae6,test004,1756409177.0,0.5
68b0b0937d881ffcafec5ae7,test004,1756409201.0,0.0
68b0b0937d881ffcafec5ae8,test004,1756409318.0,0.5
68b0b0937d881ffcafec5ae9,test004,1756409321.0,0.0
68b0b0937d881ffcafec5aea,test004,1756409465.0,0.5
68b0b0937d881ffcafec5aeb,test004,1756409471.0,0.0
68b0b0937d881ffcafec5aec,test004,1756409481.0,0.5
68b0b5447be4712b13272e14,test004,1756409487.0,0.0
68b0b5447be4712b13272e15,test004,1756409538.0,0.45
68b0b5447be4712b13272e17,test004,1756409569.0,0.0
68b0b5447be4712b13272e18,test004,1756409586.0,0.45
68b0b5447be4712b13272e19,test004,1756409592.0,0.0
68b0b5447be4712b13272e1a,test004,1756409651.0,0.5
68b0b5447be4712b13272e1b,test004,1756409667.0,0.0
68b0b5447be4712b13272e1c,test004,1756409673.0,0.5
68b0b5447be4712b13272e1d,test004,1756409681.0,0.0
68b0b5447be4712b13272e1e,test004,1756409684.0,0.5
68b0b5447be4712b13272e1f,test004,1756409685.0,0.0
68b0b5447be4712b13272e20,test004,1756409692.0,0.5
68b0b5447be4712b13272e21,test004,1756409753.0,0.0
68b0b5447be4712b13272e22,test004,1756409843.0,0.4
68b0b5447be4712b13272e23,test004,1756409846.0,0.0
68b0b5447be4712b13272e24,test004,1756409863.0,0.4
68b0b5447be4712b13272e25,test004,1756409880.0,0.0
68b0b5447be4712b13272e27,test004,1756409895.0,0.0
68b0b5447be4712b13272e28,test004,1756409896.0,0.4
68b0b5447be4712b13272e29,test004,1756409902.0,0.0
68b0b5447be4712b13272e2a,test004,1756409967.0,0.5
68b0b5447be4712b13272e2b,test004,1756409969.0,0.0
68b0b79bcbc4ee7ff1d5a1a4,test004,1756410117.0,0.5
68b0b79bcbc4ee7ff1d5a1a5,test004,1756410151.0,0.0
68b0b79bcbc4ee7ff1d5a1a6,test004,1756410196.0,0.4
68b0b79bcbc4ee7ff1d5a1a7,test004,1756410245.0,0.0
68b0b79bcbc4ee7ff1d5a1a8,test004,1756410348.0,0.5
68b0b79bcbc4ee7ff1d5a1a9,test004,1756410351.0,0.0
68b0b79bcbc4ee7ff1d5a1aa,test004,1756410354.0,0.5
68b0b79bcbc4ee7ff1d5a1ab,test004,1756410360.0,0.0
68b0b79bcbc4ee7ff1d5a1ac,test004,1756410367.0,0.5
68b0b79bcbc4ee7ff1d5a1ad,test004,1756410373.0,0.0
68b0b79bcbc4ee7ff1d5a1ae,test004,1756410382.0,0.5
68b0b79bcbc4ee7ff1d5a1af,test004,1756410388.0,0.0
68b0b79bcbc4ee7ff1d5a1b0,test004,1756410435.0,0.5
68b0b79bcbc4ee7ff1d5a1b1,test004,1756410443.0,0.0
68b0b79bcbc4ee7ff1d5a1b2,test004,1756410506.0,0.5
68b0b79bcbc4ee7ff1d5a1b3,test004,1756410609.0,0.0
68b0b79bcbc4ee7ff1d5a1b4,test004,1756410611.0,0.45
68b0b79bcbc4ee7ff1d5a1b5,test004,1756410612.0,0.0
68b0b79bcbc4ee7ff1d5a1d4,test004,1756410745.0,0.5
68b0b79bcbc4ee7ff1d5a1d5,test004,1756410865.0,0.0
68b0b79bcbc4ee7ff1d5a1d6,test004,1756410872.0,0.5
68b0b79bcbc4ee7ff1d5a1d8,test004,1756410874.0,0.55
68b0b79bcbc4ee7ff1d5a1d9,test004,1756410882.0,0.0
68b0b79bcbc4ee7ff1d5a1da,test004,1756410887.0,0.45
68b0b79bcbc4ee7ff1d5a1db,test004,1756410888.0,0.5
68b0b79bcbc4ee7ff1d5a1dc,test004,1756410990.0,0.0
68b0b79bcbc4ee7ff1d5a1dd,test004,1756411055.0,0.35
68b0b79bcbc4ee7ff1d5a1de,test004,1756411056.0,0.4
68b0b79bcbc4ee7ff1d5a1df,test004,1756411081.0,0.0
68b0b79bcbc4ee7ff1d5a1e0,test004,1756411090.0,0.4
68b0b79bcbc4ee7ff1d5a1e1,test004,1756411126.0,0.0
68b0b79bcbc4ee7ff1d5a1e2,test004,1756411163.0,0.4
68b0b79bcbc4ee7ff1d5a1e3,test004,1756411181.0,0.0
68b0b79bcbc4ee7ff1d5a1e4,test004,1756411209.0,0.45
68b0b79bcbc4ee7ff1d5a1e5,test004,1756411211.0,0.5
68b0b79bcbc4ee7ff1d5a1e6,test004,1756411215.0,0.0
68b0b79bcbc4ee7ff1d5a1e7,test004,1756411227.0,0.5
68b0b79bcbc4ee7ff1d5a219,test004,1756411232.0,0.55
68b0b79bcbc4ee7ff1d5a21a,test004,1756411233.0,0.6
68b0b79bcbc4ee7ff1d5a21b,test004,1756411234.0,0.7
68b0b79bcbc4ee7ff1d5a21c,test004,1756411237.0,0.65
68b0b79bcbc4ee7ff1d5a21d,test004,1756411241.0,0.55
68b0b79bcbc4ee7ff1d5a21e,test004,1756411244.0,0.5
68b0b79bcbc4ee7ff1d5a21f,test004,1756411249.0,0.0
68b0b79bcbc4ee7ff1d5a220,test004,1756411278.0,0.4
68b0b79bcbc4ee7ff1d5a221,test004,1756411280.0,0.0
68b0c356edd31c6378dc8672,test004,1756411311.0,0.45
68b0c356edd31c6378dc8673,test004,1756411398.0,0.0
68b0c356edd31c6378dc8674,test004,1756411447.0,0.45
68b0c356edd31c6378dc8675,test004,1756411464.0,0.0
68b0c356edd31c6378dc8676,test004,1756411476.0,0.45
68b0c356edd31c6378dc8677,test004,1756411497.0,0.0
68b0c356edd31c6378dc8678,test004,1756411622.0,0.35
68b0c356edd31c6378dc8679,test004,1756411623.0,0.0
68b0c356edd31c6378dc867a,test004,1756411624.0,0.35
68b0c356edd31c6378dc867b,test004,1756411626.0,0.0
68b0c356edd31c6378dc867c,test004,1756411660.0,0.45
68b0c356edd31c6378dc867d,test004,1756411664.0,0.0
68b0c356edd31c6378dc867e,test004,1756411715.0,0.1
68b0c356edd31c6378dc867f,test004,1756411716.0,0.15
68b0c356edd31c6378dc8680,test004,1756411718.0,0.25
68b0c356edd31c6378dc8682,test004,1756411719.0,0.4
68b0c356edd31c6378dc8683,test004,1756411727.0,0.0
68b0c356edd31c6378dc8685,test004,1756411746.0,0.5
68b0c356edd31c6378dc8686,test004,1756411747.0,0.55
68b0c356edd31c6378dc8687,test004,1756411748.0,0.6
68b0c356edd31c6378dc8688,test004,1756411750.0,0.0
68b0c356edd31c6378dc8689,test004,1756411758.0,0.55
68b0c356edd31c6378dc868a,test004,1756411760.0,0.6
68b0c356edd31c6378dc868b,test004,1756411761.0,0.7
68b0c356edd31c6378dc868c,test004,1756411870.0,0.0
68b0c356edd31c6378dc86b8,test004,1756411885.0,0.7
68b0c356edd31c6378dc86b9,test004,1756411886.0,0.0
68b0c356edd31c6378dc86ba,test004,1756411930.0,0.55
68b0c356edd31c6378dc86bb,test004,1756411944.0,0.6
68b0c356edd31c6378dc86bd,test004,1756411945.0,0.7
68b0c356edd31c6378dc86bf,test004,1756411979.0,0.7
68b0c356edd31c6378dc86c0,test004,1756411983.0,0.0
68b0c356edd31c6378dc86c1,test004,1756411986.0,0.7
68b0c356edd31c6378dc86c2,test004,1756411995.0,0.0
68b0c356edd31c6378dc86c3,test004,1756412011.0,0.7
68b0c356edd31c6378dc86c4,test004,1756412014.0,0.0
68b0c356edd31c6378dc86c5,test004,1756412042.0,0.7
68b0c356edd31c6378dc86c6,test004,1756412058.0,0.0
68b0c356edd31c6378dc86c7,test004,1756412073.0,0.55
68b0c356edd31c6378dc86c8,test004,1756412096.0,0.5
68b0c356edd31c6378dc86c9,test004,1756412099.0,0.0
68b0c356edd31c6378dc86ca,test004,1756412133.0,0.55
68b0c356edd31c6378dc86cb,test004,1756412283.0,0.0
68b0c356edd31c6378dc86cc,test004,1756412303.0,0.4
68b0c356edd31c6378dc86cd,test004,1756412304.0,0.0
68b0c356edd31c6378dc86ce,test004,1756412309.0,0.5
68b0c356edd31c6378dc86cf,test004,1756412314.0,0.0
68b0c356edd31c6378dc86d0,test004,1756412324.0,0.55
68b0c356edd31c6378dc86d1,test004,1756412335.0,0.0
68b0c356edd31c6378dc86d2,test004,1756412338.0,0.5
68b0c356edd31c6378dc86d3,test004,1756412407.0,0.0
68b0c356edd31c6378dc86d4,test004,1756412408.0,0.5
68b0c356edd31c6378dc86d5,test004,1756412415.0,0.55
68b0c356edd31c6378dc87b9,test004,1756412559.0,0.0
68b0c356edd31c6378dc87ba,test004,1756412560.0,0.5
68b0c356edd31c6378dc87bb,test004,1756412561.0,0.0
68b0c356edd31c6378dc87bc,test004,1756412573.0,0.5
68b0c356edd31c6378dc87bd,test004,1756412577.0,0.0
68b0c356edd31c6378dc87be,test004,1756412627.0,0.5
68b0c356edd31c6378dc87bf,test004,1756412645.0,0.0
68b0c356edd31c6378dc87c0,test004,1756412653.0,0.4
68b0c356edd31c6378dc87c1,test004,1756412655.0,0.0
68b0c356edd31c6378dc87c2,test004,1756412663.0,0.3
68b0c356edd31c6378dc87c3,test004,1756412665.0,0.4
68b0c356edd31c6378dc87c4,test004,1756412675.0,0.0
68b0c356edd31c6378dc87c5,test004,1756412813.0,0.5
68b0c356edd31c6378dc87c6,test004,1756412820.0,0.0
68b0c356edd31c6378dc87c7,test004,1756413078.0,0.45
68b0c356edd31c6378dc87c8,test004,1756413079.0,0.0
68b0c357edd31c6378dc87e1,test004,1756413133.0,0.5
68b0c357edd31c6378dc87e2,test004,1756413134.0,0.55
68b0c357edd31c6378dc87e3,test004,1756413139.0,0.0
68b0c357edd31c6378dc87e4,test004,1756413142.0,0.55
68b0c357edd31c6378dc87e5,test004,1756413143.0,0.0
68b0c357edd31c6378dc87e7,test004,1756413282.0,0.0
68b0c357edd31c6378dc87e8,test004,1756413295.0,0.5
68b0c357edd31c6378dc87e9,test004,1756413297.0,0.0
68b0c357edd31c6378dc87ea,test004,1756413308.0,0.55
68b0c357edd31c6378dc87eb,test004,1756413325.0,0.0
68b0c357edd31c6378dc87ec,test004,1756413330.0,0.5
68b0c357edd31c6378dc87ed,test004,1756413340.0,0.0
68b0c357edd31c6378dc87ee,test004,1756413384.0,0.5
68b0c357edd31c6378dc87ef,test004,1756413385.0,0.0
68b0c357edd31c6378dc87f0,test004,1756413387.0,0.5
68b0c357edd31c6378dc87f1,test004,1756413389.0,0.55
68b0c357edd31c6378dc87f2,test004,1756413408.0,0.0
68b0c357edd31c6378dc87f3,test004,1756413497.0,0.5
68b0c357edd31c6378dc87f4,test004,1756413498.0,0.55
68b0c357edd31c6378dc87f5,test004,1756413533.0,0.0
68b0c357edd31c6378dc87f6,test004,1756413584.0,0.45
68b0c357edd31c6378dc87f7,test004,1756413585.0,0.5
68b0c357edd31c6378dc87f8,test004,1756413614.0,0.0
68b0c357edd31c6378dc87f9,test004,1756413626.0,0.5
68b0c357edd31c6378dc87fa,test004,1756413627.0,0.0
68b0c357edd31c6378dc87fb,test004,1756413640.0,0.55
68b0c357edd31c6378dc87fc,test004,1756413643.0,0.0
68b0c357edd31c6378dc880f,test004,1756413688.0,0.55
68b0c357edd31c6378dc8810,test004,1756413697.0,0.0
68b0c357edd31c6378dc8811,test004,1756413712.0,0.4
68b0c357edd31c6378dc8812,test004,1756413713.0,0.5
68b0c357edd31c6378dc8813,test004,1756413714.0,0.0
68b0c357edd31c6378dc8814,test004,1756413724.0,0.4
68b0c357edd31c6378dc8815,test004,1756413730.0,0.0
68b0c357edd31c6378dc8816,test004,1756413789.0,0.45
68b0c357edd31c6378dc8817,test004,1756413810.0,0.0
68b0c357edd31c6378dc8818,test004,1756413995.0,0.4
68b0c357edd31c6378dc8819,test004,1756414004.0,0.5
68b0c357edd31c6378dc881a,test004,1756414006.0,0.55
68b0c357edd31c6378dc881b,test004,1756414029.0,0.0
68b0c357edd31c6378dc881c,test004,1756414033.0,0.5
68b0c357edd31c6378dc881d,test004,1756414055.0,0.0
68b0c357edd31c6378dc881e,test004,1756414095.0,0.5
68b0c357edd31c6378dc881f,test004,1756414103.0,0.0
68b0c357edd31c6378dc8820,test004,1756414114.0,0.45
68b0c357edd31c6378dc8822,test004,1756414126.0,0.55
68b0c357edd31c6378dc8823,test004,1756414128.0,0.0
68b0c357edd31c6378dc8825,test004,1756414129.0,0.5
68b0c357edd31c6378dc8826,test004,1756414136.0,0.0
68b0c357edd31c6378dc8827,test004,1756414156.0,0.5
68b0c357edd31c6378dc8828,test004,1756414177.0,0.0
68b0c357edd31c6378dc8829,test004,1756414198.0,0.55
68b0c357edd31c6378dc882a,test004,1756414199.0,0.0
68b0c357edd31c6378dc882b,test004,1756414200.0,0.55
68b0c357edd31c6378dc882c,test004,1756414207.0,0.0
68b0c357edd31c6378dc882d,test004,1756414261.0,0.5
68b0c357edd31c6378dc882e,test004,1756414262.0,0.0
68b0c357edd31c6378dc8830,test004,1756414265.0,0.0
68b0c357edd31c6378dc8831,test004,1756414266.0,0.5
68b0c357edd31c6378dc8832,test004,1756414272.0,0.0
68b0c805de00c08c7b7f85d8,test004,1756414451.0,0.45
68b0c805de00c08c7b7f85d9,test004,1756414455.0,0.0
68b0c805de00c08c7b7f85da,test004,1756414503.0,0.5
68b0c805de00c08c7b7f85db,test004,1756414505.0,0.0
68b0c805de00c08c7b7f85dc,test004,1756414567.0,0.5
68b0ca5c4cfdcc35d43ebcb4,test004,1756415561.0,0.0
68b0ca5c4cfdcc35d43ebcb5,test004,1756415828.0,0.5
68b0ca5c4cfdcc35d43ebcb6,test004,1756415888.0,0.0
68b0ca5c4cfdcc35d43ebcb7,test004,1756415905.0,0.5
68b0ca5c4cfdcc35d43ebcb8,test004,1756415918.0,0.0
68b0ca5c4cfdcc35d43ebcb9,test004,1756415951.0,0.5
68b0ca5c4cfdcc35d43ebcba,test004,1756415963.0,0.0
68b0ca5c4cfdcc35d43ebcbb,test004,1756415981.0,0.5
68b0ca5c4cfdcc35d43ebcbc,test004,1756416025.0,0.0
68b0ca5c4cfdcc35d43ebcbd,test004,1756416065.0,0.5
68b0ca5c4cfdcc35d43ebcbe,test004,1756416071.0,0.0
68b0cf0d156c7e29f9a49a0c,test004,1756416118.0,0.5
68b0cf0d156c7e29f9a49a0d,test004,1756416124.0,0.0
68b0cf0d156c7e29f9a49a0e,test004,1756416218.0,0.5
68b0cf0d156c7e29f9a49a0f,test004,1756416224.0,0.0
68b0cf0d156c7e29f9a49a1f,test004,1756416769.0,0.5
68b0cf0d156c7e29f9a49a20,test004,1756416775.0,0.0
68b0d164065589d3d9219c70,test004,1756417511.0,0.5
68b0d164065589d3d9219c71,test004,1756417517.0,0.0
68b0d164065589d3d9219c72,test004,1756417574.0,0.5
68b0d164065589d3d9219c73,test004,1756417580.0,0.0
68b0d164065589d3d9219c74,test004,1756417586.0,0.5
68b0d164065589d3d9219c75,test004,1756417592.0,0.0
68b0d164065589d3d9219c76,test004,1756417612.0,0.5
68b0d164065589d3d9219c77,test004,1756417618.0,0.0
68b0d616a5289bf882143e93,test004,1756418388.0,0.5
68b0d616a5289bf882143e94,test004,1756418394.0,0.0
68b0d616a5289bf882143e9f,test004,1756418646.0,0.5
68b0d616a5289bf882143ea0,test004,1756418652.0,0.0
68b0dac3d57e47ec54a5b545,test004,1756419388.0,0.5
68b0dac3d57e47ec54a5b546,test004,1756419394.0,0.0
68b0dac3d57e47ec54a5b547,test004,1756419424.0,0.5
68b0dac3d57e47ec54a5b548,test004,1756419450.0,0.0
68b0dac3d57e47ec54a5b549,test004,1756419469.0,0.4
68b0dac3d57e47ec54a5b54a,test004,1756419470.0,0.5
68b0dd1eea61d18f9a1b913b,test004,1756419845.0,0.0
68b0dd1eea61d18f9a1b913c,test004,1756419862.0,0.5
68b0dd1eea61d18f9a1b913d,test004,1756419884.0,0.0
68b0dd1eea61d18f9a1b913e,test004,1756420065.0,0.5
68b0dd1eea61d18f9a1b913f,test004,1756420067.0,0.0
68b0dd1eea61d18f9a1b9140,test004,1756420079.0,0.4
68b0dd1eea61d18f9a1b9141,test004,1756420081.0,0.5
68b0dd1eea61d18f9a1b9142,test004,1756420087.0,0.0
68b0dd1eea61d18f9a1b9143,test004,1756420183.0,0.4
68b0dd1eea61d18f9a1b9144,test004,1756420188.0,0.0
68b0dd1eea61d18f9a1b9145,test004,1756420197.0,0.1
68b0dd1eea61d18f9a1b9146,test004,1756420203.0,0.0
68b0dd1eea61d18f9a1b9147,test004,1756420270.0,0.4
68b0dd1eea61d18f9a1b9148,test004,1756420273.0,0.5
68b0dd1eea61d18f9a1b9161,test004,1756420296.0,0.0
68b0dd1eea61d18f9a1b9162,test004,1756420300.0,0.45
68b0dd1eea61d18f9a1b9163,test004,1756420329.0,0.0
68b0dd1eea61d18f9a1b9164,test004,1756420367.0,0.45
68b0dd1eea61d18f9a1b9165,test004,1756420368.0,0.5
68b0dd1eea61d18f9a1b9166,test004,1756420371.0,0.0
68b0dd1eea61d18f9a1b9167,test004,1756420372.0,0.5
68b0dd1eea61d18f9a1b9168,test004,1756420414.0,0.55
68b0dd1eea61d18f9a1b9169,test004,1756420416.0,0.6
68b0dd1eea61d18f9a1b916a,test004,1756420488.0,0.0
68b0dd1eea61d18f9a1b916b,test004,1756420505.0,0.65
68b0dd1eea61d18f9a1b916c,test004,1756420507.0,0.0
68b0dd1eea61d18f9a1b916d,test004,1756420522.0,0.5
68b0dd1eea61d18f9a1b916e,test004,1756420524.0,0.55
68b0dd1eea61d18f9a1b916f,test004,1756420601.0,0.6
68b0dd1eea61d18f9a1b9170,test004,1756420721.0,0.0
68b0dd1eea61d18f9a1b9172,test004,1756420723.0,0.7
68b0dd1eea61d18f9a1b9173,test004,1756420738.0,0.65
68b0dd1eea61d18f9a1b9174,test004,1756420754.0,0.0
68b0dd1eea61d18f9a1b9175,test004,1756420759.0,0.6
68b0dd1eea61d18f9a1b9176,test004,1756420761.0,0.0
68b0e1cc792af0394eb808dc,test004,1756421186.0,0.5
68b0e1cc792af0394eb808dd,test004,1756421197.0,0.0
68b0e1cc792af0394eb808de,test004,1756421246.0,0.45
68b0e1cc792af0394eb808df,test004,1756421379.0,0.35
68b0e1cc792af0394eb808e0,test004,1756421384.0,0.0
68b0e1cc792af0394eb808e1,test004,1756421447.0,0.45
68b0e42543463f16ed7be8fe,test004,1756421917.0,0.0
68b0e42543463f16ed7be8ff,test004,1756421939.0,0.3
68b0e42543463f16ed7be900,test004,1756421941.0,0.4
68b0e42543463f16ed7be901,test004,1756421942.0,0.5
68b0e42543463f16ed7be902,test004,1756421946.0,0.0
68b0e42543463f16ed7be903,test004,1756421968.0,0.5
68b0e42543463f16ed7be904,test004,1756421986.0,0.0
68b0e42543463f16ed7be905,test004,1756422027.0,0.4
68b0e42543463f16ed7be906,test004,1756422033.0,0.0
68b0e42543463f16ed7be90a,test004,1756422091.0,0.4
68b0e42543463f16ed7be90b,test004,1756422098.0,0.0
68b0e42543463f16ed7be90c,test004,1756422196.0,0.5
68b0e42543463f16ed7be90d,test004,1756422204.0,0.0
68b0e42543463f16ed7be90e,test004,1756422246.0,0.5
68b0e42543463f16ed7be90f,test004,1756422256.0,0.0
68b0e42543463f16ed7be910,test004,1756422257.0,0.55
68b0e42543463f16ed7be911,test004,1756422273.0,0.0
68b0e42543463f16ed7be912,test004,1756422583.0,0.05
68b0e42543463f16ed7be917,test004,1756422584.0,0.4
68b0e42543463f16ed7be918,test004,1756422585.0,0.5
68b0e42543463f16ed7be919,test004,1756422598.0,0.0
68b0e8d53dc9e015f1cdf738,test004,1756422734.0,0.45
68b0e8d53dc9e015f1cdf739,test004,1756422751.0,0.5
68b0e8d53dc9e015f1cdf73a,test004,1756422771.0,0.0
68b0e8d53dc9e015f1cdf73b,test004,1756422773.0,0.45
68b0e8d53dc9e015f1cdf73c,test004,1756422774.0,0.5
68b0e8d53dc9e015f1cdf73d,test004,1756422776.0,0.0
68b0e8d53dc9e015f1cdf73e,test004,1756422799.0,0.5
68b0e8d53dc9e015f1cdf73f,test004,1756422800.0,0.4
68b0e8d53dc9e015f1cdf740,test004,1756422806.0,0.0
68b0e8d53dc9e015f1cdf741,test004,1756422821.0,0.5
68b0e8d53dc9e015f1cdf742,test004,1756422844.0,0.0
68b0e8d53dc9e015f1cdf743,test004,1756422891.0,0.5
68b0e8d53dc9e015f1cdf744,test004,1756422893.0,0.0
68b0e8d53dc9e015f1cdf745,test004,1756422933.0,0.45
68b0e8d53dc9e015f1cdf746,test004,1756422936.0,0.0
68b0e8d53dc9e015f1cdf747,test004,1756423014.0,0.5
68b0e8d53dc9e015f1cdf748,test004,1756423016.0,0.0
68b0e8d53dc9e015f1cdf749,test004,1756423017.0,0.5
68b0e8d53dc9e015f1cdf74a,test004,1756423035.0,0.0
68b0e8d53dc9e015f1cdf74b,test004,1756423065.0,0.5
68b0e8d53dc9e015f1cdf74c,test004,1756423067.0,0.0
68b0e8d53dc9e015f1cdf74e,test004,1756423074.0,0.0
68b0e8d53dc9e015f1cdf74f,test004,1756423162.0,0.4
68b0e8d53dc9e015f1cdf750,test004,1756423168.0,0.5
68b0e8d53dc9e015f1cdf751,test004,1756423173.0,0.0
68b0e8d53dc9e015f1cdf752,test004,1756423177.0,0.5
68b0e8d53dc9e015f1cdf753,test004,1756423179.0,0.0
68b0e8d53dc9e015f1cdf784,test004,1756423363.0,0.4
68b0e8d53dc9e015f1cdf785,test004,1756423379.0,0.0
68b0e8d53dc9e015f1cdf786,test004,1756423417.0,0.45
68b0e8d53dc9e015f1cdf787,test004,1756423458.0,0.0
68b0e8d53dc9e015f1cdf788,test004,1756423543.0,0.45
68b0e8d53dc9e015f1cdf789,test004,1756423556.0,0.0
68b0e8d53dc9e015f1cdf78a,test004,1756423603.0,0.4
68b0e8d53dc9e015f1cdf78b,test004,1756423608.0,0.0
68b0e8d53dc9e015f1cdf78c,test004,1756423638.0,0.4
68b0e8d53dc9e015f1cdf78d,test004,1756423639.0,0.5
68b0e8d53dc9e015f1cdf78e,test004,1756423646.0,0.0
68b0e8d53dc9e015f1cdf78f,test004,1756423685.0,0.5
68b0e8d53dc9e015f1cdf790,test004,1756423702.0,0.0
68b0e8d53dc9e015f1cdf791,test004,1756423757.0,0.5
68b0e8d53dc9e015f1cdf792,test004,1756423764.0,0.0
68b0e8d53dc9e015f1cdf793,test004,1756423769.0,0.45
68b0e8d53dc9e015f1cdf794,test004,1756423771.0,0.5
68b0e8d53dc9e015f1cdf795,test004,1756423782.0,0.0
68b0ed845d3d1addd75e6fa1,test004,1756423904.0,0.5
68b0ed845d3d1addd75e6fa2,test004,1756423917.0,0.0
68b0ed845d3d1addd75e6fa3,test004,1756424024.0,0.45
68b0ed845d3d1addd75e6fa4,test004,1756424026.0,0.0
68b0ed845d3d1addd75e6fa5,test004,1756424052.0,0.45
68b0ed845d3d1addd75e6fa6,test004,1756424059.0,0.0
68b0ed845d3d1addd75e6fa8,test004,1756424063.0,0.0
68b0ed845d3d1addd75e6fa9,test004,1756424128.0,0.45
68b0ed845d3d1addd75e6faa,test004,1756424134.0,0.0
68b0ed845d3d1addd75e6fab,test004,1756424136.0,0.45
68b0ed845d3d1addd75e6fac,test004,1756424139.0,0.5
68b0ed845d3d1addd75e6fad,test004,1756424145.0,0.0
68b0ed845d3d1addd75e6fae,test004,1756424158.0,0.5
68b0ed845d3d1addd75e6faf,test004,1756424181.0,0.0
68b0ed845d3d1addd75e6fb0,test004,1756424182.0,0.5
68b0ed845d3d1addd75e6fb1,test004,1756424183.0,0.0
68b0ed845d3d1addd75e6fb2,test004,1756424217.0,0.45
68b0ed845d3d1addd75e6fb3,test004,1756424232.0,0.5
68b0ed845d3d1addd75e6fb4,test004,1756424233.0,0.0
68b0ed845d3d1addd75e6fe2,test004,1756424652.0,0.5
68b0ed845d3d1addd75e6fe3,test004,1756424661.0,0.0
68b0ed845d3d1addd75e6fe4,test004,1756424671.0,0.45
68b0ed845d3d1addd75e6fe5,test004,1756424678.0,0.0
68b0ed845d3d1addd75e6fe6,test004,1756424688.0,0.45
68b0ed845d3d1addd75e6fe7,test004,1756424717.0,0.0
68b0ed845d3d1addd75e6fe8,test004,1756424751.0,0.4
68b0ed845d3d1addd75e6fe9,test004,1756424753.0,0.5
68b0ed845d3d1addd75e6fea,test004,1756424754.0,0.0
68b0ed845d3d1addd75e6feb,test004,1756424765.0,0.5
68b0ed845d3d1addd75e6fec,test004,1756424789.0,0.0
68b0ed845d3d1addd75e6fed,test004,1756424999.0,0.5
68b0ed845d3d1addd75e6fee,test004,1756425001.0,0.0
68b0efdc6ba00f227873153d,test004,1756425199.0,0.45
68b0efdc6ba00f227873153e,test004,1756425201.0,0.5
68b0efdc6ba00f227873153f,test004,1756425209.0,0.0
68b0efdc6ba00f2278731540,test004,1756425279.0,0.4
68b0efdc6ba00f2278731541,test004,1756425282.0,0.5
68b0efdc6ba00f2278731542,test004,1756425290.0,0.0
68b0efdc6ba00f2278731543,test004,1756425320.0,0.45
68b0efdc6ba00f2278731544,test004,1756425321.0,0.0
68b0efdc6ba00f2278731545,test004,1756425322.0,0.5
68b0efdc6ba00f2278731546,test004,1756425323.0,0.0
68b0efdc6ba00f2278731547,test004,1756425530.0,0.45
68b0efdc6ba00f2278731548,test004,1756425537.0,0.0
68b0efdc6ba00f2278731549,test004,1756425665.0,0.45
68b0efdc6ba00f227873154a,test004,1756425667.0,0.0
68b0efdc6ba00f227873154b,test004,1756425673.0,0.45
68b0efdc6ba00f227873154c,test004,1756425674.0,0.5
68b0efdc6ba00f227873154d,test004,1756425681.0,0.0
68b0f48cf65f649899b9be92,test004,1756425753.0,0.45
68b0f48cf65f649899b9be93,test004,1756425757.0,0.5
68b0f48cf65f649899b9be94,test004,1756425769.0,0.0
68b0f48cf65f649899b9be95,test004,1756425788.0,0.45
68b0f48cf65f649899b9be96,test004,1756425789.0,0.0
68b0f48cf65f649899b9be97,test004,1756425790.0,0.5
68b0f48cf65f649899b9be98,test004,1756425803.0,0.0
68b0f48cf65f649899b9be99,test004,1756425839.0,0.5
68b0f48cf65f649899b9be9a,test004,1756425840.0,0.0
68b0f48cf65f649899b9be9b,test004,1756425842.0,0.45
68b0f48cf65f649899b9be9c,test004,1756425873.0,0.0
68b0f48cf65f649899b9be9d,test004,1756425910.0,0.45
68b0f48cf65f649899b9be9e,test004,1756425917.0,0.0
68b0f48cf65f649899b9be9f,test004,1756425927.0,0.45
68b0f48cf65f649899b9bea0,test004,1756425928.0,0.0
68b0f48cf65f649899b9bea1,test004,1756425934.0,0.4
68b0f48cf65f649899b9bea2,test004,1756425940.0,0.0
68b0f48cf65f649899b9bea3,test004,1756425941.0,0.4
68b0f48cf65f649899b9bea4,test004,1756425954.0,0.0
68b0f48cf65f649899b9bea5,test004,1756425959.0,0.15
68b0f48cf65f649899b9bea6,test004,1756425962.0,0.25
68b0f48cf65f649899b9bea8,test004,1756425963.0,0.4
68b0f48cf65f649899b9bea9,test004,1756426003.0,0.0
68b0f48cf65f649899b9beaa,test004,1756426043.0,0.4
68b0f48cf65f649899b9beab,test004,1756426067.0,0.0
68b0f48cf65f649899b9beac,test004,1756426132.0,0.4
68b0f48cf65f649899b9bead,test004,1756426162.0,0.0
68b0f48cf65f649899b9beae,test004,1756426254.0,0.5
68b0f48cf65f649899b9beaf,test004,1756426266.0,0.0
68b0f48cf65f649899b9bee6,test004,1756426343.0,0.4
68b0f48cf65f649899b9bee7,test004,1756426349.0,0.0
68b0f48cf65f649899b9bee8,test004,1756426357.0,0.4
68b0f48cf65f649899b9bee9,test004,1756426380.0,0.0
68b0f48cf65f649899b9beea,test004,1756426414.0,0.4
68b0f48cf65f649899b9beeb,test004,1756426417.0,0.0
68b0f48cf65f649899b9beed,test004,1756426505.0,0.0
68b0f48cf65f649899b9beee,test004,1756426531.0,0.4
68b0f48cf65f649899b9beef,test004,1756426553.0,0.0
68b0f48cf65f649899b9bef0,test004,1756426618.0,0.4
68b0f48cf65f649899b9bef1,test004,1756426626.0,0.0
68b0f48cf65f649899b9bef2,test004,1756426686.0,0.15
68b0f48cf65f649899b9bef3,test004,1756426688.0,0.25
68b0f48cf65f649899b9bef5,test004,1756426689.0,0.4
68b0f48cf65f649899b9bef6,test004,1756426694.0,0.0
68b0f48cf65f649899b9bef7,test004,1756426717.0,0.4
68b0f48cf65f649899b9bef8,test004,1756426718.0,0.0
68b0f48cf65f649899b9bef9,test004,1756426728.0,0.4
68b0f48cf65f649899b9befa,test004,1756426729.0,0.0
68b0f48cf65f649899b9befb,test004,1756426730.0,0.45
68b0f48cf65f649899b9befc,test004,1756426731.0,0.0
68b0f48cf65f649899b9befd,test004,1756426732.0,0.15
68b0f48cf65f649899b9bf00,test004,1756426734.0,0.4
68b0f48cf65f649899b9bf01,test004,1756426742.0,0.0
68b0f48cf65f649899b9bf02,test004,1756426775.0,0.4
68b0f48cf65f649899b9bf03,test004,1756426781.0,0.0
68b0f48cf65f649899b9bf04,test004,1756426795.0,0.4
68b0f48cf65f649899b9bf05,test004,1756426804.0,0.0
68b0f48cf65f649899b9bf06,test004,1756426845.0,0.4
68b0f48cf65f649899b9bf07,test004,1756426846.0,0.0
68b0f48cf65f649899b9bf09,test004,1756426864.0,0.0
68b0f6e466c3a0fbedd6ec05,test004,1756426887.0,0.4
68b0f6e466c3a0fbedd6ec06,test004,1756426901.0,0.0
68b0f6e466c3a0fbedd6ec07,test004,1756426932.0,0.4
68b0f6e466c3a0fbedd6ec08,test004,1756426934.0,0.0
68b0f6e466c3a0fbedd6ec09,test004,1756426950.0,0.25
68b0f6e466c3a0fbedd6ec0a,test004,1756426958.0,0.3
68b0f6e466c3a0fbedd6ec0b,test004,1756426964.0,0.0
68b0f6e466c3a0fbedd6ec0c,test004,1756426983.0,0.4
68b0f6e466c3a0fbedd6ec0d,test004,1756427022.0,0.0
68b0f6e466c3a0fbedd6ec0e,test004,1756427025.0,0.4
68b0f6e466c3a0fbedd6ec0f,test004,1756427077.0,0.0
68b0f6e466c3a0fbedd6ec10,test004,1756427091.0,0.15
68b0f6e466c3a0fbedd6ec11,test004,1756427093.0,0.25
68b0f6e466c3a0fbedd6ec12,test004,1756427094.0,0.3
68b0f6e466c3a0fbedd6ec13,test004,1756427095.0,0.4
68b0f6e466c3a0fbedd6ec14,test004,1756427097.0,0.0
68b0f6e466c3a0fbedd6ec15,test004,1756427107.0,0.4
68b0f6e466c3a0fbedd6ec16,test004,1756427109.0,0.0
68b0f6e466c3a0fbedd6ec17,test004,1756427139.0,0.4
68b0f6e466c3a0fbedd6ec18,test004,1756427156.0,0.0
68b0f6e466c3a0fbedd6ec19,test004,1756427162.0,0.4
68b0f6e466c3a0fbedd6ec1a,test004,1756427169.0,0.0
68b0f6e466c3a0fbedd6ec1b,test004,1756427170.0,0.45
68b0f6e466c3a0fbedd6ec1c,test004,1756427175.0,0.0
68b0f6e466c3a0fbedd6ec1d,test004,1756427200.0,0.4
68b0f6e466c3a0fbedd6ec1e,test004,1756427202.0,0.0
68b0f6e466c3a0fbedd6ec1f,test004,1756427213.0,0.4
68b0f6e466c3a0fbedd6ec20,test004,1756427217.0,0.0
68b0f6e466c3a0fbedd6ec21,test004,1756427233.0,0.4
68b0f6e466c3a0fbedd6ec22,test004,1756427262.0,0.5
68b0f6e466c3a0fbedd6ec23,test004,1756427263.0,0.0
68b0f6e466c3a0fbedd6ec24,test004,1756427303.0,0.5
68b0f6e466c3a0fbedd6ec25,test004,1756427306.0,0.0
68b0f6e466c3a0fbedd6ec26,test004,1756427307.0,0.45
68b0f6e466c3a0fbedd6ec27,test004,1756427308.0,0.0
68b0f6e466c3a0fbedd6ec28,test004,1756427321.0,0.4
68b0f6e466c3a0fbedd6ec29,test004,1756427322.0,0.0
68b0f6e466c3a0fbedd6ec2a,test004,1756427348.0,0.3
68b0f6e466c3a0fbedd6ec2b,test004,1756427349.0,0.0
68b0fb9461da30daed084065,test004,1756427503.0,0.45
68b0fb9461da30daed084066,test004,1756427539.0,0.0
68b0fb9461da30daed084067,test004,1756427542.0,0.45
68b0fb9461da30daed084068,test004,1756427546.0,0.0
68b0fb9461da30daed084069,test004,1756427550.0,0.2
68b0fb9461da30daed08406a,test004,1756427552.0,0.3
68b0fb9461da30daed08406b,test004,1756427553.0,0.0
68b0fb9461da30daed08406d,test004,1756427555.0,0.0
68b0fb9461da30daed08406e,test004,1756427574.0,0.35
68b0fb9461da30daed084070,test004,1756427576.0,0.0
68b0fb9461da30daed084071,test004,1756427594.0,0.45
68b0fb9461da30daed084072,test004,1756427596.0,0.0
68b0fb9461da30daed084073,test004,1756427601.0,0.45
68b0fb9461da30daed084074,test004,1756427602.0,0.0
68b0fb9461da30daed084075,test004,1756427614.0,0.3
68b0fb9461da30daed084076,test004,1756427615.0,0.4
68b0fb9461da30daed084077,test004,1756427625.0,0.0
68b0fb9461da30daed084078,test004,1756427719.0,0.45
68b0fb9461da30daed084079,test004,1756427721.0,0.0
68b0fb9461da30daed08407a,test004,1756427734.0,0.25
68b0fb9461da30daed08407b,test004,1756427735.0,0.3
68b0fb9461da30daed08407c,test004,1756427736.0,0.4
68b0fb9461da30daed08407d,test004,1756427775.0,0.0
68b0fb9461da30daed08407e,test004,1756427841.0,0.4
68b0fb9461da30daed08407f,test004,1756427861.0,0.0
68b0fb9461da30daed084080,test004,1756427872.0,0.5
68b0fb9461da30daed084081,test004,1756427878.0,0.0
68b0fb9461da30daed084082,test004,1756428004.0,0.4
68b0fb9461da30daed084083,test004,1756428012.0,0.0
68b0fb9461da30daed084084,test004,1756428020.0,0.35
68b0fb9461da30daed084085,test004,1756428026.0,0.0
68b0fb9461da30daed084086,test004,1756428041.0,0.4
68b0fb9461da30daed084087,test004,1756428042.0,0.0
68b0fb9461da30daed084089,test004,1756428043.0,0.3
68b0fb9461da30daed08408a,test004,1756428044.0,0.4
68b0fb9461da30daed08408b,test004,1756428051.0,0.0
68b0fb9461da30daed08408c,test004,1756428063.0,0.45
68b0fb9461da30daed08408d,test004,1756428064.0,0.0
68b0fb9461da30daed08408e,test004,1756428067.0,0.45
68b0fb9461da30daed0840c6,test004,1756428086.0,0.5
68b0fb9461da30daed0840c7,test004,1756428124.0,0.0
68b0fb9461da30daed0840c8,test004,1756428590.0,0.5
68b0fb9461da30daed0840c9,test004,1756428596.0,0.0
68b0fb9461da30daed0840ca,test004,1756428660.0,0.5
68b0fdeca3acf9fea67e7528,test004,1756428699.0,0.0
68b0fdeca3acf9fea67e7529,test004,1756428819.0,0.5
68b0fdeca3acf9fea67e752a,test004,1756428821.0,0.0
68b0fdeca3acf9fea67e752b,test004,1756428824.0,0.45
68b0fdeca3acf9fea67e752c,test004,1756428825.0,0.5
68b0fdeca3acf9fea67e752d,test004,1756428857.0,0.0
68b0fdeca3acf9fea67e752e,test004,1756428871.0,0.45
68b0fdeca3acf9fea67e752f,test004,1756428872.0,0.5
68b0fdeca3acf9fea67e7530,test004,1756428944.0,0.0
68b0fdeca3acf9fea67e7531,test004,1756428982.0,0.5
68b0fdeca3acf9fea67e7532,test004,1756429012.0,0.0
68b0fdeca3acf9fea67e7533,test004,1756429022.0,0.5
68b0fdeca3acf9fea67e7534,test004,1756429093.0,0.0
68b0fdeca3acf9fea67e7535,test004,1756429100.0,0.5
68b0fdeca3acf9fea67e7536,test004,1756429107.0,0.0
68b0fdeca3acf9fea67e7537,test004,1756429116.0,0.5
68b0fdeca3acf9fea67e7538,test004,1756429122.0,0.0
68b0fdeca3acf9fea67e7539,test004,1756429230.0,0.5
68b1029c9aed0961857953b3,test004,1756429285.0,0.0
68b1029c9aed0961857953b4,test004,1756429286.0,0.5
68b1029c9aed0961857953b5,test004,1756429287.0,0.0
68b1029c9aed0961857953b6,test004,1756429333.0,0.55
68b1029c9aed0961857953b7,test004,1756429334.0,0.0
68b1029c9aed0961857953cc,test004,1756429975.0,0.15
68b1029c9aed0961857953cd,test004,1756429980.0,0.25
68b1029c9aed0961857953ce,test004,1756429987.0,0.0
68b104f4a02ab237099176dd,test004,1756430769.0,0.45
68b104f4a02ab237099176de,test004,1756430772.0,0.5
68b104f4a02ab237099176df,test004,1756430789.0,0.0
68b110accb613a0ec5641ecc,test004,1756433769.0,0.1
68b110accb613a0ec5641ecd,test004,1756433806.0,0.0
68b110accb613a0ec5641ece,test004,1756433823.0,0.15
68b110accb613a0ec5641ecf,test004,1756433825.0,0.25
68b110accb613a0ec5641ed1,test004,1756433858.0,0.4
68b110accb613a0ec5641ed2,test004,1756433860.0,0.0
68b110accb613a0ec5641ed4,test004,1756433894.0,0.0
68b1155b448db2dafa807e17,test004,1756434126.0,0.15
68b1155b448db2dafa807e18,test004,1756434127.0,0.0
68b1155b448db2dafa807e19,test004,1756434132.0,0.2
68b1155b448db2dafa807e1c,test004,1756434150.0,0.0
68b1155b448db2dafa807e1d,test004,1756434160.0,0.4
68b1155b448db2dafa807e1e,test004,1756434162.0,0.0
68b1155b448db2dafa807e20,test004,1756434163.0,0.0
68b1155b448db2dafa807e21,test004,1756434164.0,0.4
68b1155b448db2dafa807e22,test004,1756434166.0,0.0
68b1155b448db2dafa807e23,test004,1756434200.0,0.4
68b1155b448db2dafa807e24,test004,1756434247.0,0.0
68b1155b448db2dafa807e25,test004,1756434297.0,0.4
68b1155b448db2dafa807e26,test004,1756434379.0,0.0
68b1155b448db2dafa807e27,test004,1756434505.0,0.4
68b1155b448db2dafa807e28,test004,1756434506.0,0.0
68b11a0d7425ecae9014cb13,test004,1756434816.0,0.4
68b11a0d7425ecae9014cb14,test004,1756434832.0,0.0
68b11a0d7425ecae9014cb15,test004,1756434861.0,0.4
68b11a0d7425ecae9014cb16,test004,1756434863.0,0.0
68b11a0d7425ecae9014cb17,test004,1756434869.0,0.4
68b11a0d7425ecae9014cb18,test004,1756434870.0,0.0
68b11a0d7425ecae9014cb19,test004,1756434871.0,0.4
68b11a0d7425ecae9014cb1a,test004,1756434873.0,0.0
68b11a0d7425ecae9014cb1b,test004,1756434874.0,0.1
68b11a0d7425ecae9014cb1c,test004,1756434875.0,0.15
68b11a0d7425ecae9014cb1d,test004,1756434880.0,0.0
68b11a0d7425ecae9014cb1e,test004,1756434909.0,0.4
68b11a0d7425ecae9014cb1f,test004,1756434977.0,0.0
68b11a0d7425ecae9014cb20,test004,1756435081.0,0.4
68b11a0d7425ecae9014cb21,test004,1756435083.0,0.0
68b11a0d7425ecae9014cb22,test004,1756435085.0,0.4
68b11a0d7425ecae9014cb23,test004,1756435086.0,0.0
68b11a0d7425ecae9014cb24,test004,1756435100.0,0.05
68b11a0d7425ecae9014cb25,test004,1756435109.0,0.1
68b11a0d7425ecae9014cb26,test004,1756435110.0,0.15
68b11a0d7425ecae9014cb28,test004,1756435111.0,0.3
68b11a0d7425ecae9014cb29,test004,1756435113.0,0.0
68b11a0d7425ecae9014cb2a,test004,1756435270.0,0.4
68b11a0d7425ecae9014cb46,test004,1756435285.0,0.0
68b11a0d7425ecae9014cb47,test004,1756435354.0,0.4
68b11a0d7425ecae9014cb48,test004,1756435355.0,0.0
68b11a0d7425ecae9014cb49,test004,1756435372.0,0.4
68b11a0d7425ecae9014cb4c,test004,1756435375.0,0.0
68b11a0d7425ecae9014cb4d,test004,1756435536.0,0.4
68b11a0d7425ecae9014cb4e,test004,1756435538.0,0.0
68b11a0d7425ecae9014cb4f,test004,1756435541.0,0.25
68b11a0d7425ecae9014cb50,test004,1756435542.0,0.3
68b11a0d7425ecae9014cb51,test004,1756435544.0,0.0
68b11a0d7425ecae9014cb52,test004,1756435564.0,0.4
68b11a0d7425ecae9014cb53,test004,1756435565.0,0.0
68b11a0d7425ecae9014cb54,test004,1756435590.0,0.15
68b11a0d7425ecae9014cb55,test004,1756435591.0,0.0
68b11a0d7425ecae9014cb56,test004,1756435592.0,0.2
68b11a0d7425ecae9014cb57,test004,1756435594.0,0.0
68b11a0d7425ecae9014cb58,test004,1756435596.0,0.15
68b11a0d7425ecae9014cb59,test004,1756435597.0,0.0
68b11a0d7425ecae9014cb5a,test004,1756435658.0,0.25
68b11a0d7425ecae9014cb5b,test004,1756435659.0,0.0
68b11a0d7425ecae9014cb5c,test004,1756435669.0,0.2
68b11a0d7425ecae9014cb5d,test004,1756435673.0,0.0
68b11a0d7425ecae9014cb5e,test004,1756435689.0,0.2
68b11a0d7425ecae9014cb5f,test004,1756435690.0,0.0
68b11a0d7425ecae9014cb60,test004,1756435734.0,0.3
68b11a0d7425ecae9014cb61,test004,1756435735.0,0.4
68b11a0d7425ecae9014cb62,test004,1756435736.0,0.0
68b11a0d7425ecae9014cb63,test004,1756435824.0,0.4
68b11a0d7425ecae9014cb64,test004,1756435831.0,0.0
68b11a0d7425ecae9014cb84,test004,1756435914.0,0.4
68b11a0d7425ecae9014cb85,test004,1756435916.0,0.0
68b11a0d7425ecae9014cb86,test004,1756436391.0,0.1
68b11a0d7425ecae9014cb87,test004,1756436453.0,0.0
68b136349a3dce0ff55f4ad8,test004,1756440758.0,0.4
68b136349a3dce0ff55f4ad9,test004,1756440765.0,0.0
68b136349a3dce0ff55f4ada,test004,1756441169.0,0.4
68b136349a3dce0ff55f4adb,test004,1756441171.0,0.0
68b136349a3dce0ff55f4c2d,test004,1756441690.0,0.15
68b136349a3dce0ff55f4c2e,test004,1756441697.0,0.0
68b1443f67d09ea32d5df0e3,test004,1756443560.0,0.4
68b1443f67d09ea32d5df0e4,test004,1756443562.0,0.0
68b1443f67d09ea32d5df0f1,test004,1756443863.0,0.4
68b1443f67d09ea32d5df0f2,test004,1756443867.0,0.0
68b1443f67d09ea32d5df10f,test004,1756445093.0,0.4
68b1443f67d09ea32d5df110,test004,1756445130.0,0.0
68b1443f67d09ea32d5df111,test004,1756445147.0,0.4
68b1443f67d09ea32d5df112,test004,1756445149.0,0.0
68b1443f67d09ea32d5df113,test004,1756445212.0,0.4
68b1443f67d09ea32d5df114,test004,1756445374.0,0.0
68b1443f67d09ea32d5df115,test004,1756445388.0,0.1
68b1443f67d09ea32d5df116,test004,1756445394.0,0.0
68b1443f67d09ea32d5df117,test004,1756445412.0,0.4
68b1443f67d09ea32d5df118,test004,1756445433.0,0.0
68b1443f67d09ea32d5df147,test004,1756445566.0,0.4
68b1443f67d09ea32d5df148,test004,1756445686.0,0.0
68b1443f67d09ea32d5df149,test004,1756445687.0,0.4
68b1443f67d09ea32d5df14a,test004,1756445688.0,0.0
68b1443f67d09ea32d5df14b,test004,1756445698.0,0.4
68b1443f67d09ea32d5df14c,test004,1756445704.0,0.0
68b1443f67d09ea32d5df14d,test004,1756445711.0,0.4
68b1443f67d09ea32d5df14f,test004,1756445717.0,0.4
68b1443f67d09ea32d5df150,test004,1756445862.0,0.0
68b1443f67d09ea32d5df151,test004,1756445870.0,0.15
68b1443f67d09ea32d5df152,test004,1756445871.0,0.25
68b1443f67d09ea32d5df154,test004,1756445873.0,0.0
68b1443f67d09ea32d5df170,test004,1756446217.0,0.4
68b1443f67d09ea32d5df171,test004,1756446260.0,0.0
68b1443f67d09ea32d5df172,test004,1756446316.0,0.1
68b1443f67d09ea32d5df173,test004,1756446317.0,0.15
68b1443f67d09ea32d5df177,test004,1756446334.0,0.0
68b1443f67d09ea32d5df178,test004,1756446412.0,0.4
68b1443f67d09ea32d5df179,test004,1756446413.0,0.0
68b1443f67d09ea32d5df17a,test004,1756446427.0,0.4
68b1443f67d09ea32d5df17b,test004,1756446429.0,0.0
68b148ec7619f6fc6611e15e,test004,1756447793.0,0.05
68b148ec7619f6fc6611e15f,test004,1756447794.0,0.0
68b148ec7619f6fc6611e17a,test004,1756448214.0,0.05
68b148ec7619f6fc6611e17b,test004,1756448219.0,0.0
68b148ec7619f6fc6611e17c,test004,1756448235.0,0.05
68b148ec7619f6fc6611e17e,test004,1756448237.0,0.15
68b148ec7619f6fc6611e17f,test004,1756448239.0,0.25
68b148ec7619f6fc6611e180,test004,1756448240.0,0.3
68b148ec7619f6fc6611e182,test004,1756448242.0,0.25
68b148ec7619f6fc6611e183,test004,1756448243.0,0.3
68b148ec7619f6fc6611e184,test004,1756448248.0,0.0
68b148ec7619f6fc6611e185,test004,1756448260.0,0.05
68b148ec7619f6fc6611e186,test004,1756448262.0,0.0
68b148ec7619f6fc6611e187,test004,1756448311.0,0.1
68b148ec7619f6fc6611e188,test004,1756448312.0,0.0
68b148ec7619f6fc6611e189,test004,1756448317.0,0.05
68b148ec7619f6fc6611e18a,test004,1756448323.0,0.0
68b148ec7619f6fc6611e18b,test004,1756448375.0,0.05
68b148ec7619f6fc6611e18c,test004,1756448376.0,0.1
68b148ec7619f6fc6611e18d,test004,1756448377.0,0.15
68b148ec7619f6fc6611e18e,test004,1756448378.0,0.25
68b148ec7619f6fc6611e18f,test004,1756448380.0,0.0
68b148ec7619f6fc6611e190,test004,1756448403.0,0.45
68b148ec7619f6fc6611e191,test004,1756448404.0,0.0
68b148ec7619f6fc6611e192,test004,1756448422.0,0.45
68b14b43bbd32c3d2c7e5741,test004,1756448602.0,0.0
68b14b43bbd32c3d2c7e5742,test004,1756448603.0,0.1
68b14b43bbd32c3d2c7e5744,test004,1756448609.0,0.25
68b14b43bbd32c3d2c7e5745,test004,1756448619.0,0.0
68b14b43bbd32c3d2c7e5746,test004,1756448623.0,0.3
68b14b43bbd32c3d2c7e5747,test004,1756448625.0,0.0
68b14b43bbd32c3d2c7e5748,test004,1756448679.0,0.35
68b14b43bbd32c3d2c7e5749,test004,1756448680.0,0.4
68b14b43bbd32c3d2c7e574a,test004,1756448689.0,0.0
68b1731bbf772c0b644928f9,test004,1756458542.0,0.4
68b1731bbf772c0b64492912,test004,1756458968.0,0.0
68b1731bbf772c0b64492913,test004,1756459122.0,0.4
68b1731bbf772c0b64492914,test004,1756459124.0,0.0
68b1731bbf772c0b64492915,test004,1756459144.0,0.45
68b1731bbf772c0b64492916,test004,1756459147.0,0.5
68b1731bbf772c0b64492919,test004,1756459160.0,0.0
68b1731bbf772c0b6449291a,test004,1756459236.0,0.45
68b1731bbf772c0b6449291b,test004,1756459242.0,0.0
68b1731bbf772c0b6449291c,test004,1756459250.0,0.1
68b1731bbf772c0b6449291d,test004,1756459251.0,0.15
68b175752e18122d04c570be,test004,1756459294.0,0.0
68b175752e18122d04c570bf,test004,1756459477.0,0.4
68b175752e18122d04c570c0,test004,1756459482.0,0.0
68b175752e18122d04c570c1,test004,1756459603.0,0.45
68b175752e18122d04c570c2,test004,1756459646.0,0.0
68b175752e18122d04c570c3,test004,1756459707.0,0.4
68b175752e18122d04c570c4,test004,1756459711.0,0.0
68b175752e18122d04c570c5,test004,1756459773.0,0.4
68b175752e18122d04c570c6,test004,1756459777.0,0.0
68b175752e18122d04c570c7,test004,1756459789.0,0.25
68b175752e18122d04c570c8,test004,1756459790.0,0.3
68b175752e18122d04c570c9,test004,1756459791.0,0.0
68b191929d11b5e01b6f3533,test004,1756459908.0,0.45
68b191929d11b5e01b6f3534,test004,1756459975.0,0.0
68b191929d11b5e01b6f3535,test004,1756460092.0,0.45
68b191929d11b5e01b6f3536,test004,1756460100.0,0.0
68b191929d11b5e01b6f3537,test004,1756460125.0,0.45
68b191929d11b5e01b6f3538,test004,1756460133.0,0.0
68b191929d11b5e01b6f3539,test004,1756460161.0,0.05
68b191929d11b5e01b6f353c,test004,1756460162.0,0.25
68b191929d11b5e01b6f353e,test004,1756460163.0,0.4
68b191929d11b5e01b6f353f,test004,1756460164.0,0.0
68b191929d11b5e01b6f3540,test004,1756460195.0,0.05
68b191929d11b5e01b6f3566,test004,1756460742.0,0.1
68b191929d11b5e01b6f3567,test004,1756460743.0,0.15
68b191929d11b5e01b6f3568,test004,1756460749.0,0.1
68b191929d11b5e01b6f3569,test004,1756460791.0,0.0
68b191929d11b5e01b6f356a,test004,1756460842.0,0.05
68b191929d11b5e01b6f356b,test004,1756460846.0,0.0
68b191929d11b5e01b6f356c,test004,1756460877.0,0.05
68b191929d11b5e01b6f3581,test004,1756461194.0,0.0
68b191929d11b5e01b6f3582,test004,1756461339.0,0.05
68b191929d11b5e01b6f3583,test004,1756461340.0,0.0
68b191929d11b5e01b6f3584,test004,1756461343.0,0.05
68b191929d11b5e01b6f3585,test004,1756461345.0,0.0
68b191929d11b5e01b6f3586,test004,1756461608.0,0.05
68b191939d11b5e01b6f359f,test004,1756462136.0,0.0
68b1c9d333b6997ec52a66cd,test004,1756476238.0,0.05
68b1c9d333b6997ec52a66ce,test004,1756476239.0,0.1
68b1c9d333b6997ec52a66d2,test004,1756476240.0,0.4
68b1c9d333b6997ec52a66d3,test004,1756476291.0,0.35
68b1c9d333b6997ec52a66d4,test004,1756476297.0,0.4
68b1c9d333b6997ec52a66d5,test004,1756476309.0,0.0
68b1c9d333b6997ec52a66d6,test004,1756476516.0,0.7
68b1c9d333b6997ec52a66d7,test004,1756476533.0,0.65
68b1c9d333b6997ec52a66d8,test004,1756476538.0,0.55
68b1c9d333b6997ec52a66d9,test004,1756476545.0,0.6
68b1c9d333b6997ec52a66da,test004,1756476548.0,0.7
68b1c9d333b6997ec52a66db,test004,1756476552.0,0.65
68b1c9d333b6997ec52a66dc,test004,1756476557.0,0.55
68b1c9d333b6997ec52a66dd,test004,1756476559.0,0.5
68b1c9d333b6997ec52a66de,test004,1756476573.0,0.0
68b1c9d433b6997ec52a66f2,test004,1756476781.0,0.7
68b1c9d433b6997ec52a66f3,test004,1756476799.0,0.65
68b1c9d433b6997ec52a66f4,test004,1756476802.0,0.0
68b1c9d433b6997ec52a66f5,test004,1756477007.0,0.7
68b1c9d433b6997ec52a66f6,test004,1756477014.0,0.65
68b1c9d433b6997ec52a66f7,test004,1756477018.0,0.55
68b1c9d433b6997ec52a66f8,test004,1756477021.0,0.5
68b1c9d433b6997ec52a66f9,test004,1756477178.0,0.0
68b1c9d433b6997ec52a66fa,test004,1756477198.0,0.15
68b1c9d433b6997ec52a66fb,test004,1756477202.0,0.25
68b1c9d433b6997ec52a6701,test004,1756477204.0,0.0
68b1c9d433b6997ec52a6710,test004,1756477300.0,0.65
68b1c9d433b6997ec52a6711,test004,1756477334.0,0.55
68b1c9d433b6997ec52a6712,test004,1756477336.0,0.5
68b1c9d433b6997ec52a6713,test004,1756477338.0,0.45
68b1c9d433b6997ec52a6714,test004,1756477348.0,0.5
68b1c9d433b6997ec52a6715,test004,1756477350.0,0.0
68b1c9d433b6997ec52a6716,test004,1756477503.0,0.5
68b1c9d433b6997ec52a6717,test004,1756477504.0,0.55
68b1c9d433b6997ec52a6719,test004,1756477505.0,0.7
68b1c9d433b6997ec52a671a,test004,1756477528.0,0.65
68b1c9d433b6997ec52a671b,test004,1756477532.0,0.55
68b1c9d433b6997ec52a671c,test004,1756477535.0,0.5
68b1c9d433b6997ec52a671d,test004,1756477536.0,0.55
68b1c9d433b6997ec52a671e,test004,1756477538.0,0.6
68b1c9d433b6997ec52a671f,test004,1756477600.0,0.0
68b1c9d433b6997ec52a6823,test004,1756477952.0,0.05
68b1c9d433b6997ec52a6824,test004,1756477971.0,0.0
68b1c9d433b6997ec52a6825,test004,1756477987.0,0.05
68b1c9d433b6997ec52a6826,test004,1756477988.0,0.0
68b1c9d433b6997ec52a6827,test004,1756478227.0,0.3
68b1c9d433b6997ec52a6828,test004,1756478232.0,0.4
68b1c9d433b6997ec52a682c,test004,1756478233.0,0.7
68b1c9d433b6997ec52a682d,test004,1756478248.0,0.65
68b1c9d433b6997ec52a682e,test004,1756478250.0,0.7
68b1c9d433b6997ec52a682f,test004,1756478265.0,0.65
68b1c9d433b6997ec52a6830,test004,1756478272.0,0.7
68b1c9d433b6997ec52a6831,test004,1756478273.0,0.65
68b1c9d433b6997ec52a6832,test004,1756478303.0,0.0
68b1c9d433b6997ec52a6833,test004,1756478387.0,0.45
68b1c9d433b6997ec52a6834,test004,1756478400.0,0.5
68b1c9d433b6997ec52a6835,test004,1756478401.0,0.55
68b1c9d433b6997ec52a6836,test004,1756478403.0,0.6
68b1c9d433b6997ec52a6837,test004,1756478411.0,0.55
68b1c9d433b6997ec52a6838,test004,1756478431.0,0.6
68b1c9d433b6997ec52a6839,test004,1756478432.0,0.55
68b1c9d433b6997ec52a683a,test004,1756478436.0,0.5
68b1c9d433b6997ec52a6848,test004,1756478489.0,0.0
68b1c9d433b6997ec52a6849,test004,1756478491.0,0.45
68b1c9d433b6997ec52a684a,test004,1756478493.0,0.5
68b1c9d433b6997ec52a684b,test004,1756478525.0,0.0
68b1c9d433b6997ec52a684c,test004,1756478526.0,0.3
68b1c9d433b6997ec52a684d,test004,1756478528.0,0.4
68b1c9d433b6997ec52a684e,test004,1756478563.0,0.0
68b1c9d433b6997ec52a6850,test004,1756478567.0,0.55
68b1c9d433b6997ec52a6851,test004,1756478569.0,0.0
68b1c9d433b6997ec52a6852,test004,1756478581.0,0.45
68b1c9d433b6997ec52a6853,test004,1756478582.0,0.5
68b1c9d433b6997ec52a6854,test004,1756478583.0,0.55
68b1c9d433b6997ec52a6855,test004,1756478584.0,0.6
68b1c9d433b6997ec52a6856,test004,1756478587.0,0.0
68b1c9d433b6997ec52a6857,test004,1756478606.0,0.65
68b1c9d433b6997ec52a6858,test004,1756478697.0,0.0
68b1c9d433b6997ec52a6859,test004,1756478718.0,0.7
68b1c9d433b6997ec52a685a,test004,1756478732.0,0.0
68b1c9d433b6997ec52a685b,test004,1756478800.0,0.7
68b1c9d433b6997ec52a685c,test004,1756478820.0,0.0
68b1c9d433b6997ec52a685d,test004,1756478827.0,0.7
68b1c9d433b6997ec52a685e,test004,1756478854.0,0.65
68b1c9d433b6997ec52a685f,test004,1756478885.0,0.55
68b1c9d433b6997ec52a6860,test004,1756478890.0,0.6
68b1c9d433b6997ec52a6861,test004,1756478892.0,0.0
68b1c9d433b6997ec52a6862,test004,1756478931.0,0.7
68b1c9d433b6997ec52a6863,test004,1756478957.0,0.65
68b1c9d433b6997ec52a6864,test004,1756479032.0,0.0
68b1c9d433b6997ec52a6865,test004,1756479042.0,0.5
68b1c9d433b6997ec52a6866,test004,1756479044.0,0.55
68b1c9d433b6997ec52a6868,test004,1756479045.0,0.7
68b1c9d433b6997ec52a6869,test004,1756479057.0,0.0
68b1c9d433b6997ec52a686a,test004,1756479065.0,0.7
68b1c9d433b6997ec52a68c6,test004,1756479205.0,0.0
68b1c9d433b6997ec52a68c7,test004,1756479303.0,0.7
68b1c9d433b6997ec52a68c8,test004,1756479329.0,0.0
68b1c9d433b6997ec52a68c9,test004,1756479331.0,0.7
68b1c9d433b6997ec52a68ca,test004,1756479339.0,0.0
68b1c9d433b6997ec52a68cb,test004,1756479343.0,0.7
68b1c9d433b6997ec52a68cc,test004,1756479350.0,0.0
68b1c9d433b6997ec52a68cd,test004,1756479355.0,0.7
68b1c9d433b6997ec52a68ce,test004,1756479359.0,0.0
68b1c9d433b6997ec52a68cf,test004,1756479407.0,0.7
68b1c9d433b6997ec52a68d0,test004,1756479410.0,0.0
68b1c9d433b6997ec52a68d1,test004,1756479506.0,0.65
68b1c9d433b6997ec52a68d2,test004,1756479510.0,0.0
68b1c9d433b6997ec52a68d3,test004,1756479520.0,0.7
68b1c9d433b6997ec52a68d4,test004,1756479524.0,0.0
68b1c9d433b6997ec52a68d5,test004,1756479525.0,0.7
68b1c9d433b6997ec52a68d6,test004,1756479528.0,0.0
68b1c9d433b6997ec52a68d7,test004,1756479531.0,0.7
68b1c9d433b6997ec52a68d8,test004,1756479537.0,0.0
68b1c9d433b6997ec52a68d9,test004,1756479538.0,0.7
68b1c9d433b6997ec52a68da,test004,1756479541.0,0.0
68b1c9d433b6997ec52a68db,test004,1756479546.0,0.7
68b1c9d433b6997ec52a68dc,test004,1756479551.0,0.0
68b1c9d433b6997ec52a68dd,test004,1756479554.0,0.7
68b1c9d433b6997ec52a68f6,test004,1756480319.0,0.65
68b1c9d433b6997ec52a68f7,test004,1756480547.0,0.55
68b1c9d433b6997ec52a68f8,test004,1756480581.0,0.6
68b1c9d433b6997ec52a68f9,test004,1756480584.0,0.7
68b1c9d433b6997ec52a68fa,test004,1756480589.0,0.0
68b1c9d433b6997ec52a68fb,test004,1756480600.0,0.7
68b1c9d433b6997ec52a68fc,test004,1756480601.0,0.0
68b1c9d433b6997ec52a68fd,test004,1756480605.0,0.7
68b1c9d433b6997ec52a68fe,test004,1756480606.0,0.0
68b1c9d433b6997ec52a68ff,test004,1756480658.0,0.65
68b1c9d433b6997ec52a6900,test004,1756480675.0,0.0
68b1c9d433b6997ec52a6901,test004,1756480743.0,0.45
68b1c9d433b6997ec52a6902,test004,1756480754.0,0.0
68b1c9d433b6997ec52a6903,test004,1756480783.0,0.4
68b1c9d433b6997ec52a6904,test004,1756480810.0,0.0
68b1c9d433b6997ec52a6905,test004,1756480811.0,0.4
68b1c9d433b6997ec52a6906,test004,1756480847.0,0.0
68b1c9d433b6997ec52a6907,test004,1756480865.0,0.35
68b1c9d433b6997ec52a6908,test004,1756480866.0,0.4
68b1c9d433b6997ec52a6930,test004,1756480908.0,0.0
68b1c9d433b6997ec52a6931,test004,1756480915.0,0.4
68b1c9d433b6997ec52a6932,test004,1756480923.0,0.0
68b1c9d433b6997ec52a6933,test004,1756480924.0,0.4
68b1c9d433b6997ec52a6934,test004,1756480932.0,0.0
68b1c9d433b6997ec52a6935,test004,1756480972.0,0.7
68b1c9d433b6997ec52a6936,test004,1756481021.0,0.0
68b1c9d433b6997ec52a6937,test004,1756481037.0,0.7
68b1c9d433b6997ec52a6938,test004,1756481043.0,0.0
68b1c9d433b6997ec52a6939,test004,1756481051.0,0.7
68b1c9d433b6997ec52a693a,test004,1756481089.0,0.0
68b1c9d433b6997ec52a693b,test004,1756481103.0,0.7
68b1c9d433b6997ec52a693c,test004,1756481201.0,0.0
68b1c9d433b6997ec52a693d,test004,1756481202.0,0.7
68b1c9d433b6997ec52a693e,test004,1756481203.0,0.0
68b1c9d433b6997ec52a693f,test004,1756481349.0,0.7
68b1c9d433b6997ec52a6940,test004,1756481369.0,0.0
68b1c9d433b6997ec52a6941,test004,1756481480.0,0.5
68b1c9d433b6997ec52a6942,test004,1756481483.0,0.0
68b1e5f34609fd50f2a4d543,test004,1756481505.0,0.7
68b1e5f34609fd50f2a4d544,test004,1756481519.0,0.0
68b1e5f34609fd50f2a4d545,test004,1756481584.0,0.7
68b1e5f34609fd50f2a4d546,test004,1756481670.0,0.0
68b1e5f34609fd50f2a4d547,test004,1756481704.0,0.7
68b1e5f34609fd50f2a4d548,test004,1756481709.0,0.0
68b1e5f34609fd50f2a4d549,test004,1756481755.0,0.7
68b1e5f34609fd50f2a4d54a,test004,1756481768.0,0.0
68b1e5f34609fd50f2a4d54b,test004,1756481783.0,0.7
68b1e5f34609fd50f2a4d54c,test004,1756481862.0,0.0
68b1e5f34609fd50f2a4d54d,test004,1756481880.0,0.15
68b1e5f34609fd50f2a4d54e,test004,1756481881.0,0.25
68b1e5f34609fd50f2a4d550,test004,1756481882.0,0.4
68b1e5f34609fd50f2a4d551,test004,1756481893.0,0.0
68b1e5f34609fd50f2a4d57a,test004,1756482132.0,0.5
68b1e5f34609fd50f2a4d57b,test004,1756482198.0,0.0
68b1e5f34609fd50f2a4d57c,test004,1756482211.0,0.4
68b1e5f34609fd50f2a4d57d,test004,1756482213.0,0.0
68b1e5f34609fd50f2a4d57e,test004,1756482219.0,0.45
68b1e5f34609fd50f2a4d57f,test004,1756482221.0,0.5
68b1e5f34609fd50f2a4d580,test004,1756482225.0,0.0
68b1e5f34609fd50f2a4d581,test004,1756482305.0,0.5
68b1e5f34609fd50f2a4d582,test004,1756482308.0,0.55
68b1e5f34609fd50f2a4d583,test004,1756482316.0,0.0
68b1e5f34609fd50f2a4d584,test004,1756482327.0,0.45
68b1e5f34609fd50f2a4d585,test004,1756482333.0,0.0
68b1e5f34609fd50f2a4d586,test004,1756482345.0,0.5
68b1e5f34609fd50f2a4d587,test004,1756482354.0,0.0
68b1e5f34609fd50f2a4d588,test004,1756482446.0,0.55
68b1e5f34609fd50f2a4d589,test004,1756482454.0,0.0
68b1e5f44609fd50f2a4d5ac,test004,1756482891.0,0.55
68b1e5f44609fd50f2a4d5ad,test004,1756482895.0,0.0
68b1e5f44609fd50f2a4d5ae,test004,1756483082.0,0.4
68b1e5f44609fd50f2a4d5af,test004,1756483183.0,0.0
68b1e5f44609fd50f2a4d5b0,test004,1756483209.0,0.45
68b1e5f44609fd50f2a4d5b1,test004,1756483244.0,0.0
68b1e5f44609fd50f2a4d5b2,test004,1756483253.0,0.4
68b1e5f44609fd50f2a4d5b3,test004,1756483273.0,0.0
68b1e5f44609fd50f2a4d5d8,test004,1756483372.0,0.45
68b1e5f44609fd50f2a4d5d9,test004,1756483378.0,0.5
68b1e5f44609fd50f2a4d5da,test004,1756483380.0,0.0
68b1e5f44609fd50f2a4d5db,test004,1756483405.0,0.25
68b1e5f44609fd50f2a4d5dc,test004,1756483407.0,0.0
68b1e5f44609fd50f2a4d5dd,test004,1756483410.0,0.05
68b1e5f44609fd50f2a4d5de,test004,1756483412.0,0.1
68b1e5f44609fd50f2a4d5df,test004,1756483413.0,0.15
68b1e5f44609fd50f2a4d5e0,test004,1756483419.0,0.0
68b1e5f44609fd50f2a4d5e1,test004,1756483424.0,0.1
68b1e5f44609fd50f2a4d5e2,test004,1756483427.0,0.15
68b1e5f44609fd50f2a4d5e3,test004,1756483429.0,0.0
68b1e5f44609fd50f2a4d5e4,test004,1756483503.0,0.5
68b1e5f44609fd50f2a4d5e5,test004,1756483505.0,0.55
68b1e5f44609fd50f2a4d5e6,test004,1756483509.0,0.0
68b1e5f44609fd50f2a4d5e7,test004,1756483545.0,0.5
68b1e5f44609fd50f2a4d5e8,test004,1756483548.0,0.55
68b1e5f44609fd50f2a4d5e9,test004,1756483552.0,0.0
68b1e5f44609fd50f2a4d5ea,test004,1756483571.0,0.5
68b1e5f44609fd50f2a4d5eb,test004,1756483577.0,0.0
68b1e5f44609fd50f2a4d5ec,test004,1756483590.0,0.5
68b1e5f44609fd50f2a4d5ed,test004,1756483617.0,0.0
68b1e5f44609fd50f2a4d5ee,test004,1756483652.0,0.5
68b1e5f44609fd50f2a4d5ef,test004,1756483748.0,0.0
68b1e5f44609fd50f2a4d5f0,test004,1756483808.0,0.5
68b1e5f44609fd50f2a4d5f1,test004,1756483860.0,0.0
68b1e5f44609fd50f2a4d61a,test004,1756484090.0,0.5
68b1e5f44609fd50f2a4d61b,test004,1756484092.0,0.0
68b1e5f44609fd50f2a4d61c,test004,1756484136.0,0.5
68b1e5f44609fd50f2a4d61d,test004,1756484142.0,0.0
68b1e5f44609fd50f2a4d61e,test004,1756484171.0,0.5
68b1e5f44609fd50f2a4d61f,test004,1756484177.0,0.0
68b1e5f44609fd50f2a4d620,test004,1756484215.0,0.45
68b1e5f44609fd50f2a4d621,test004,1756484216.0,0.5
68b1e5f44609fd50f2a4d622,test004,1756484226.0,0.0
68b1e5f44609fd50f2a4d623,test004,1756484318.0,0.5
68b1e5f44609fd50f2a4d624,test004,1756484335.0,0.0
68b1e5f44609fd50f2a4d635,test004,1756484567.0,0.1
68b1e5f44609fd50f2a4d636,test004,1756484573.0,0.0
68b1e5f44609fd50f2a4d637,test004,1756484832.0,0.5
68b1e5f44609fd50f2a4d638,test004,1756484834.0,0.0
68b1e5f44609fd50f2a4d639,test004,1756484880.0,0.5
68b1e5f44609fd50f2a4d63a,test004,1756484887.0,0.0
68b1e5f44609fd50f2a4d63b,test004,1756484888.0,0.5
68b1e5f44609fd50f2a4d63c,test004,1756484889.0,0.55
68b1e5f44609fd50f2a4d63d,test004,1756484892.0,0.0
68b1e5f44609fd50f2a4d63e,test004,1756484922.0,0.5
68b1e5f44609fd50f2a4d63f,test004,1756484930.0,0.0
68b1e5f44609fd50f2a4d640,test004,1756484975.0,0.5
68b1e5f44609fd50f2a4d641,test004,1756484981.0,0.0
68b1e5f44609fd50f2a4d642,test004,1756484990.0,0.55
68b1e5f44609fd50f2a4d643,test004,1756484996.0,0.0
68b1e5f44609fd50f2a4d644,test004,1756484997.0,0.55
68b1e5f44609fd50f2a4d722,test004,1756485350.0,0.0
68b1e5f44609fd50f2a4d723,test004,1756485352.0,0.5
68b1e5f44609fd50f2a4d724,test004,1756485364.0,0.0
68b1e5f44609fd50f2a4d725,test004,1756485388.0,0.55
68b1e5f44609fd50f2a4d726,test004,1756485395.0,0.0
68b1e5f44609fd50f2a4d727,test004,1756485614.0,0.45
68b1e5f44609fd50f2a4d728,test004,1756485615.0,0.5
68b1e5f44609fd50f2a4d729,test004,1756485621.0,0.55
68b1e5f44609fd50f2a4d72a,test004,1756485623.0,0.0
68b1e5f44609fd50f2a4d72b,test004,1756485636.0,0.5
68b1e5f44609fd50f2a4d72c,test004,1756485637.0,0.0
68b1e5f44609fd50f2a4d72d,test004,1756485638.0,0.55
68b1e5f44609fd50f2a4d738,test004,1756485704.0,0.0
68b1e5f44609fd50f2a4d739,test004,1756485713.0,0.5
68b1e5f44609fd50f2a4d73a,test004,1756485715.0,0.55
68b1e5f44609fd50f2a4d73b,test004,1756485716.0,0.0
68b1e5f44609fd50f2a4d73c,test004,1756485718.0,0.55
68b1e5f44609fd50f2a4d73d,test004,1756485850.0,0.0
68b1e5f44609fd50f2a4d73e,test004,1756485851.0,0.5
68b1e5f44609fd50f2a4d73f,test004,1756485853.0,0.55
68b1e5f44609fd50f2a4d740,test004,1756485857.0,0.0
68b1e5f44609fd50f2a4d741,test004,1756485874.0,0.55
68b1e5f44609fd50f2a4d742,test004,1756485882.0,0.0
68b1e5f44609fd50f2a4d743,test004,1756485902.0,0.55
68b1e5f44609fd50f2a4d744,test004,1756485904.0,0.0
68b1e5f44609fd50f2a4d745,test004,1756485924.0,0.5
68b1e5f44609fd50f2a4d746,test004,1756485925.0,0.0
68b1e5f44609fd50f2a4d747,test004,1756485936.0,0.5
68b1e5f44609fd50f2a4d748,test004,1756485940.0,0.55
68b1e5f44609fd50f2a4d749,test004,1756485944.0,0.0
68b1e5f44609fd50f2a4d74a,test004,1756485952.0,0.5
68b1e5f44609fd50f2a4d74b,test004,1756485977.0,0.0
68b1e5f44609fd50f2a4d74c,test004,1756485980.0,0.45
68b1e5f44609fd50f2a4d74d,test004,1756485981.0,0.5
68b1e5f44609fd50f2a4d74e,test004,1756486028.0,0.55
68b1e5f44609fd50f2a4d74f,test004,1756486029.0,0.6
68b1e5f44609fd50f2a4d750,test004,1756486043.0,0.0
68b1e5f44609fd50f2a4d751,test004,1756486080.0,0.7
68b1e5f44609fd50f2a4d752,test004,1756486091.0,0.0
68b1e5f44609fd50f2a4d753,test004,1756486092.0,0.7
68b1e5f44609fd50f2a4d754,test004,1756486093.0,0.0
68b1e5f44609fd50f2a4d755,test004,1756486217.0,0.5
68b1e5f44609fd50f2a4d756,test004,1756486218.0,0.0
68b1e5f44609fd50f2a4d77b,test004,1756486248.0,0.4
68b1e5f44609fd50f2a4d77c,test004,1756486250.0,0.5
68b1e5f44609fd50f2a4d77d,test004,1756486257.0,0.0
68b1e5f44609fd50f2a4d77e,test004,1756486258.0,0.5
68b1e5f44609fd50f2a4d77f,test004,1756486264.0,0.0
68b1e5f44609fd50f2a4d780,test004,1756486269.0,0.5
68b1e5f44609fd50f2a4d788,test004,1756486289.0,0.0
68b1e5f44609fd50f2a4d789,test004,1756486291.0,0.4
68b1e5f44609fd50f2a4d78a,test004,1756486298.0,0.0
68b1e5f44609fd50f2a4d78b,test004,1756486321.0,0.45
68b1e5f44609fd50f2a4d78c,test004,1756486322.0,0.0
68b1e5f44609fd50f2a4d78d,test004,1756486333.0,0.45
68b1e5f44609fd50f2a4d78e,test004,1756486412.0,0.0
68b1e5f44609fd50f2a4d78f,test004,1756486432.0,0.5
68b1e5f44609fd50f2a4d790,test004,1756486438.0,0.0
68b1e5f44609fd50f2a4d791,test004,1756486724.0,0.45
68b1e5f44609fd50f2a4d792,test004,1756486784.0,0.0
68b1e5f44609fd50f2a4d793,test004,1756486846.0,0.4
68b1e5f44609fd50f2a4d7b0,test004,1756486891.0,0.0
68b1e5f44609fd50f2a4d7b1,test004,1756487246.0,0.45
68b1e5f44609fd50f2a4d7b2,test004,1756487300.0,0.0
68b1e5f44609fd50f2a4d7b3,test004,1756487332.0,0.45
68b1e5f44609fd50f2a4d7f1,test004,1756488594.0,0.0
68b1e5f44609fd50f2a4d7f2,test004,1756488641.0,0.4
68b1f404e967c14fc0e997e2,test004,1756488684.0,0.0
68b1f404e967c14fc0e997e3,test004,1756488689.0,0.45
68b1f404e967c14fc0e997e4,test004,1756488714.0,0.0
68b1f404e967c14fc0e997e5,test004,1756488752.0,0.1
68b1f404e967c14fc0e997e6,test004,1756488753.0,0.15
68b1f404e967c14fc0e997e7,test004,1756488760.0,0.0
68b1f404e967c14fc0e997e8,test004,1756488773.0,0.05
68b1f404e967c14fc0e997e9,test004,1756488774.0,0.1
68b1f404e967c14fc0e997eb,test004,1756488775.0,0.25
68b1f404e967c14fc0e997ec,test004,1756488780.0,0.0
68b1f404e967c14fc0e997ed,test004,1756488784.0,0.5
68b1f404e967c14fc0e997ee,test004,1756488787.0,0.55
68b1f404e967c14fc0e997ef,test004,1756488788.0,0.0
68b1f404e967c14fc0e997f0,test004,1756488817.0,0.7
68b1f404e967c14fc0e997f1,test004,1756488897.0,0.0
68b1f404e967c14fc0e997f2,test004,1756488914.0,0.65
68b1f404e967c14fc0e997f4,test004,1756488915.0,0.0
68b1f404e967c14fc0e997f5,test004,1756488955.0,0.55
68b1f404e967c14fc0e997f7,test004,1756488956.0,0.7
68b1f404e967c14fc0e997f8,test004,1756488957.0,0.0
68b1f404e967c14fc0e997f9,test004,1756488997.0,0.7
68b1f404e967c14fc0e997fa,test004,1756489052.0,0.0
68b1f404e967c14fc0e997fb,test004,1756489079.0,0.65
68b1f404e967c14fc0e997fd,test004,1756489108.0,0.65
68b1f404e967c14fc0e997fe,test004,1756489149.0,0.0
68b1f404e967c14fc0e997ff,test004,1756489155.0,0.6
68b1f404e967c14fc0e99800,test004,1756489159.0,0.7
68b1f404e967c14fc0e99801,test004,1756489162.0,0.0
68b1f404e967c14fc0e99829,test004,1756489338.0,0.5
68b1f404e967c14fc0e9982a,test004,1756489344.0,0.0
68b1f404e967c14fc0e9982b,test004,1756489432.0,0.5
68b1f404e967c14fc0e9982c,test004,1756489447.0,0.0
68b1f404e967c14fc0e9982d,test004,1756489478.0,0.4
68b1f404e967c14fc0e9982e,test004,1756489479.0,0.0
68b1f404e967c14fc0e9982f,test004,1756489485.0,0.1
68b1f404e967c14fc0e99830,test004,1756489507.0,0.0
68b1f404e967c14fc0e99831,test004,1756489554.0,0.4
68b1f404e967c14fc0e99832,test004,1756489556.0,0.5
68b1f404e967c14fc0e99833,test004,1756489611.0,0.0
68b1f404e967c14fc0e99834,test004,1756489616.0,0.4
68b1f404e967c14fc0e99835,test004,1756489627.0,0.0
68b1f404e967c14fc0e99836,test004,1756489663.0,0.5
68b1f404e967c14fc0e99837,test004,1756489724.0,0.0
68b1f404e967c14fc0e99838,test004,1756489732.0,0.4
68b1f404e967c14fc0e99839,test004,1756489734.0,0.5
68b1f404e967c14fc0e9983a,test004,1756489752.0,0.0
68b1f404e967c14fc0e9983b,test004,1756489859.0,0.4
68b1f404e967c14fc0e9983c,test004,1756489861.0,0.0
68b1f404e967c14fc0e99867,test004,1756490037.0,0.45
68b1f404e967c14fc0e99868,test004,1756490038.0,0.0
68b1f404e967c14fc0e99869,test004,1756490045.0,0.5
68b1f404e967c14fc0e9986a,test004,1756490193.0,0.0
68b1f404e967c14fc0e9986b,test004,1756490236.0,0.5
68b1f404e967c14fc0e9986c,test004,1756490278.0,0.0
68b1f404e967c14fc0e9986d,test004,1756490303.0,0.45
68b1f404e967c14fc0e9986e,test004,1756490305.0,0.5
68b1f404e967c14fc0e9986f,test004,1756490307.0,0.0
68b1f404e967c14fc0e99870,test004,1756490318.0,0.5
68b1f404e967c14fc0e99871,test004,1756490331.0,0.0
68b1f404e967c14fc0e99872,test004,1756490335.0,0.45
68b1f404e967c14fc0e99873,test004,1756490359.0,0.0
68b1f404e967c14fc0e99874,test004,1756490361.0,0.4
68b1f404e967c14fc0e99875,test004,1756490367.0,0.0
68b1f404e967c14fc0e99876,test004,1756490369.0,0.5
68b1f404e967c14fc0e998be,test004,1756491020.0,0.0
68b1f404e967c14fc0e998bf,test004,1756491027.0,0.5
68b1f404e967c14fc0e998d8,test004,1756491413.0,0.0
68b1f404e967c14fc0e998d9,test004,1756491418.0,0.5
68b1f404e967c14fc0e998da,test004,1756491420.0,0.0
68b1f404e967c14fc0e998db,test004,1756491425.0,0.45
68b1f404e967c14fc0e998dc,test004,1756491528.0,0.0
68b1f404e967c14fc0e998dd,test004,1756491545.0,0.45
68b1f404e967c14fc0e998de,test004,1756491547.0,0.0
68b1f404e967c14fc0e998df,test004,1756491550.0,0.25
68b1f404e967c14fc0e998e0,test004,1756491551.0,0.3
68b1f404e967c14fc0e998e1,test004,1756491553.0,0.4
68b1f404e967c14fc0e998e2,test004,1756491560.0,0.0
68b1f404e967c14fc0e998e3,test004,1756491562.0,0.7
68b210229a74aaf13991bb0c,test004,1756491687.0,0.0
68b210229a74aaf13991bb0e,test004,1756491695.0,0.0
68b210229a74aaf13991bb0f,test004,1756491829.0,0.7
68b210229a74aaf13991bb10,test004,1756491887.0,0.0
68b210229a74aaf13991bb11,test004,1756491897.0,0.6
68b210229a74aaf13991bb12,test004,1756491903.0,0.0
68b210229a74aaf13991bb13,test004,1756491920.0,0.55
68b210229a74aaf13991bb15,test004,1756491921.0,0.7
68b210229a74aaf13991bb16,test004,1756491928.0,0.0
68b210229a74aaf13991bb17,test004,1756491934.0,0.7
68b210229a74aaf13991bb18,test004,1756491989.0,0.0
68b210229a74aaf13991bb19,test004,1756491995.0,0.7
68b210229a74aaf13991bb1a,test004,1756491996.0,0.0
68b210229a74aaf13991bb1b,test004,1756491999.0,0.7
68b210229a74aaf13991bb1c,test004,1756492000.0,0.0
68b210229a74aaf13991bb1d,test004,1756492012.0,0.7
68b210229a74aaf13991bb1e,test004,1756492039.0,0.0
68b210229a74aaf13991bb1f,test004,1756492095.0,0.7
68b210229a74aaf13991bb20,test004,1756492096.0,0.0
68b210229a74aaf13991bb21,test004,1756492097.0,0.7
68b210229a74aaf13991bb22,test004,1756492124.0,0.0
68b210229a74aaf13991bb23,test004,1756492140.0,0.6
68b210229a74aaf13991bb24,test004,1756492143.0,0.7
68b210229a74aaf13991bb25,test004,1756492144.0,0.0
68b210229a74aaf13991bb27,test004,1756492145.0,0.7
68b210229a74aaf13991bb28,test004,1756492159.0,0.0
68b210229a74aaf13991bb29,test004,1756492161.0,0.7
68b210229a74aaf13991bb2a,test004,1756492200.0,0.0
68b210229a74aaf13991bb2b,test004,1756492201.0,0.7
68b210229a74aaf13991bb2c,test004,1756492202.0,0.0
68b210229a74aaf13991bb2d,test004,1756492251.0,0.7
68b210229a74aaf13991bb2e,test004,1756492252.0,0.0
68b210229a74aaf13991bb65,test004,1756492285.0,0.6
68b210229a74aaf13991bb66,test004,1756492286.0,0.7
68b210229a74aaf13991bb67,test004,1756492288.0,0.0
68b210229a74aaf13991bb68,test004,1756492295.0,0.7
68b210229a74aaf13991bb69,test004,1756492305.0,0.0
68b210229a74aaf13991bb6a,test004,1756492343.0,0.7
68b210229a74aaf13991bb6b,test004,1756492383.0,0.0
68b210229a74aaf13991bb6c,test004,1756492387.0,0.65
68b210229a74aaf13991bb6e,test004,1756492415.0,0.65
68b210229a74aaf13991bb6f,test004,1756492445.0,0.0
68b210229a74aaf13991bb70,test004,1756492484.0,0.5
68b210229a74aaf13991bb71,test004,1756492486.0,0.55
68b210229a74aaf13991bb72,test004,1756492487.0,0.0
68b210229a74aaf13991bb73,test004,1756492496.0,0.45
68b210229a74aaf13991bb74,test004,1756492498.0,0.5
68b210229a74aaf13991bb75,test004,1756492502.0,0.0
68b210229a74aaf13991bb76,test004,1756492508.0,0.7
68b210229a74aaf13991bb77,test004,1756492552.0,0.0
68b210229a74aaf13991bb78,test004,1756492553.0,0.7
68b210229a74aaf13991bb79,test004,1756492559.0,0.0
68b210229a74aaf13991bb7a,test004,1756492568.0,0.65
68b210229a74aaf13991bb7b,test004,1756492577.0,0.0
68b210229a74aaf13991bb7c,test004,1756492602.0,0.7
68b210229a74aaf13991bb7d,test004,1756492631.0,0.65
68b210229a74aaf13991bb7e,test004,1756492634.0,0.7
68b210229a74aaf13991bb7f,test004,1756492640.0,0.0
68b210229a74aaf13991bb80,test004,1756492695.0,0.7
68b210229a74aaf13991bb81,test004,1756492696.0,0.0
68b210229a74aaf13991bb82,test004,1756492751.0,0.7
68b210229a74aaf13991bb83,test004,1756492775.0,0.0
68b210229a74aaf13991bb84,test004,1756492800.0,0.5
68b210229a74aaf13991bb85,test004,1756492806.0,0.0
68b210229a74aaf13991bb86,test004,1756492857.0,0.7
68b210229a74aaf13991bb87,test004,1756492859.0,0.0
68b210229a74aaf13991bb88,test004,1756492874.0,0.7
68b210229a74aaf13991bc45,test004,1756492884.0,0.0
68b210229a74aaf13991bc46,test004,1756492887.0,0.7
68b210229a74aaf13991bc47,test004,1756492888.0,0.0
68b210229a74aaf13991bc48,test004,1756492982.0,0.65
68b210229a74aaf13991bc49,test004,1756492997.0,0.0
68b210229a74aaf13991bc4a,test004,1756493067.0,0.7
68b210229a74aaf13991bc4b,test004,1756493096.0,0.0
68b210229a74aaf13991bc4c,test004,1756493149.0,0.55
68b210229a74aaf13991bc4d,test004,1756493154.0,0.6
68b210229a74aaf13991bc4f,test004,1756493155.0,0.7
68b210229a74aaf13991bc50,test004,1756493169.0,0.0
68b210229a74aaf13991bc51,test004,1756493186.0,0.5
68b210229a74aaf13991bc52,test004,1756493187.0,0.55
68b210229a74aaf13991bc53,test004,1756493188.0,0.6
68b210229a74aaf13991bc54,test004,1756493196.0,0.7
68b210229a74aaf13991bc55,test004,1756493199.0,0.0
68b210229a74aaf13991bc56,test004,1756493218.0,0.7
68b210229a74aaf13991bc57,test004,1756493225.0,0.0
68b210229a74aaf13991bc58,test004,1756493227.0,0.7
68b210229a74aaf13991bc59,test004,1756493228.0,0.0
68b210229a74aaf13991bc5a,test004,1756493240.0,0.7
68b210229a74aaf13991bc5b,test004,1756493254.0,0.0
68b210229a74aaf13991bc5c,test004,1756493266.0,0.7
68b210229a74aaf13991bc5d,test004,1756493371.0,0.65
68b210229a74aaf13991bc5e,test004,1756493375.0,0.55
68b210229a74aaf13991bc5f,test004,1756493378.0,0.5
68b210229a74aaf13991bc60,test004,1756493379.0,0.45
68b210229a74aaf13991bc61,test004,1756493381.0,0.35
68b210229a74aaf13991bc62,test004,1756493385.0,0.25
68b210229a74aaf13991bc63,test004,1756493391.0,0.15
68b210229a74aaf13991bc64,test004,1756493393.0,0.25
68b210229a74aaf13991bc65,test004,1756493394.0,0.3
68b210229a74aaf13991bc66,test004,1756493395.0,0.4
68b210229a74aaf13991bc67,test004,1756493421.0,0.0
68b210229a74aaf13991bc8e,test004,1756493564.0,0.7
68b210229a74aaf13991bc8f,test004,1756493694.0,0.0
68b210229a74aaf13991bc90,test004,1756493733.0,0.7
68b210229a74aaf13991bc91,test004,1756493801.0,0.0
68b210229a74aaf13991bc92,test004,1756493826.0,0.7
68b210229a74aaf13991bc93,test004,1756493836.0,0.65
68b210229a74aaf13991bc94,test004,1756493880.0,0.0
68b210229a74aaf13991bc95,test004,1756493883.0,0.7
68b210229a74aaf13991bc96,test004,1756493902.0,0.0
68b210229a74aaf13991bc97,test004,1756493916.0,0.65
68b210229a74aaf13991bc98,test004,1756493932.0,0.0
68b210229a74aaf13991bc99,test004,1756493981.0,0.5
68b210229a74aaf13991bc9a,test004,1756493989.0,0.0
68b210229a74aaf13991bc9b,test004,1756494015.0,0.7
68b210229a74aaf13991bc9c,test004,1756494017.0,0.0
68b210229a74aaf13991bc9d,test004,1756494019.0,0.7
68b210229a74aaf13991bc9e,test004,1756494021.0,0.0
68b210229a74aaf13991bc9f,test004,1756494041.0,0.7
68b210229a74aaf13991bca0,test004,1756494043.0,0.0
68b210229a74aaf13991bca1,test004,1756494055.0,0.5
68b210229a74aaf13991bca2,test004,1756494061.0,0.55
68b210229a74aaf13991bca3,test004,1756494062.0,0.0
68b210229a74aaf13991bca4,test004,1756494072.0,0.55
68b210229a74aaf13991bca5,test004,1756494078.0,0.0
68b210229a74aaf13991bcd3,test004,1756494085.0,0.5
68b210229a74aaf13991bcd4,test004,1756494091.0,0.55
68b210229a74aaf13991bcd5,test004,1756494092.0,0.0
68b210229a74aaf13991bcd6,test004,1756494093.0,0.5
68b210229a74aaf13991bcd7,test004,1756494099.0,0.0
68b210229a74aaf13991bcd8,test004,1756494160.0,0.7
68b210229a74aaf13991bcd9,test004,1756494161.0,0.0
68b210229a74aaf13991bcda,test004,1756494166.0,0.7
68b210229a74aaf13991bcdb,test004,1756494175.0,0.0
68b210229a74aaf13991bcdc,test004,1756494228.0,0.65
68b210229a74aaf13991bcdd,test004,1756494234.0,0.0
68b210229a74aaf13991bcde,test004,1756494329.0,0.55
68b210229a74aaf13991bcdf,test004,1756494335.0,0.0
68b210229a74aaf13991bce0,test004,1756494411.0,0.5
68b210229a74aaf13991bce1,test004,1756494417.0,0.0
68b210229a74aaf13991bce2,test004,1756494541.0,0.4
68b210229a74aaf13991bce3,test004,1756494542.0,0.5
68b210229a74aaf13991bce7,test004,1756494551.0,0.0
68b210229a74aaf13991bce8,test004,1756494583.0,0.7
68b210229a74aaf13991bce9,test004,1756494585.0,0.0
68b210229a74aaf13991bcea,test004,1756494608.0,0.7
68b210229a74aaf13991bceb,test004,1756494609.0,0.0
68b210229a74aaf13991bcec,test004,1756494625.0,0.6
68b210229a74aaf13991bced,test004,1756494626.0,0.0
68b210229a74aaf13991bd11,test004,1756494885.0,0.7
68b210229a74aaf13991bd12,test004,1756494967.0,1.0
68b210229a74aaf13991bd13,test004,1756494990.0,0.0
68b210229a74aaf13991bd14,test004,1756494991.0,1.0
68b210229a74aaf13991bd15,test004,1756495007.0,0.0
68b210229a74aaf13991bd16,test004,1756495024.0,0.5
68b210229a74aaf13991bd17,test004,1756495027.0,0.0
68b210229a74aaf13991bd18,test004,1756495036.0,0.15
68b210229a74aaf13991bd19,test004,1756495037.0,0.25
68b210229a74aaf13991bd1c,test004,1756495047.0,0.5
68b210229a74aaf13991bd1d,test004,1756495048.0,0.55
68b210229a74aaf13991bd1f,test004,1756495065.0,0.0
68b210229a74aaf13991bd3b,test004,1756495362.0,0.4
68b210229a74aaf13991bd3c,test004,1756495368.0,0.0
68b210229a74aaf13991bd3d,test004,1756495648.0,0.15
68b210229a74aaf13991bd3e,test004,1756495654.0,0.0
68b210239a74aaf13991bd46,test004,1756495911.0,0.55
68b210239a74aaf13991bd47,test004,1756495926.0,0.0
68b210239a74aaf13991bd48,test004,1756496180.0,0.1
68b210239a74aaf13991bd49,test004,1756496185.0,0.15
68b210239a74aaf13991bd4a,test004,1756496186.0,0.0
68b210239a74aaf13991bd4b,test004,1756496439.0,0.15
68b210239a74aaf13991bd4c,test004,1756496445.0,0.0
68b210239a74aaf13991bd6c,test004,1756496912.0,0.45
68b210239a74aaf13991bd6d,test004,1756496918.0,0.0
68b210239a74aaf13991bd6e,test004,1756496923.0,0.6
68b210239a74aaf13991bd6f,test004,1756496937.0,0.0
68b210239a74aaf13991bd70,test004,1756496963.0,0.55
68b210239a74aaf13991bd71,test004,1756497043.0,0.5
68b210239a74aaf13991bd89,test004,1756497549.0,0.45
68b210239a74aaf13991bd8a,test004,1756497551.0,0.35
68b210239a74aaf13991bd8b,test004,1756497555.0,0.25
68b210239a74aaf13991bd8c,test004,1756497561.0,0.15
68b210239a74aaf13991bd8d,test004,1756497565.0,0.1
68b210239a74aaf13991bd8e,test004,1756497571.0,0.05
68b210239a74aaf13991bd8f,test004,1756497624.0,0.1
68b210239a74aaf13991bd90,test004,1756497625.0,0.15
68b210239a74aaf13991bd91,test004,1756497626.0,0.25
68b210239a74aaf13991bd93,test004,1756497627.0,0.4
68b210239a74aaf13991bda0,test004,1756497829.0,0.35
68b210239a74aaf13991bda1,test004,1756497833.0,0.25
68b210239a74aaf13991bda2,test004,1756497848.0,0.15
68b210239a74aaf13991bda3,test004,1756497915.0,0.25
68b210239a74aaf13991bda4,test004,1756497948.0,0.3
68b210239a74aaf13991bda5,test004,1756497950.0,0.4
68b210239a74aaf13991bda6,test004,1756497978.0,0.5
68b210239a74aaf13991bda7,test004,1756497979.0,0.55
68b210239a74aaf13991bda8,test004,1756497981.0,0.6
68b210239a74aaf13991bda9,test004,1756498039.0,0.7
68b210239a74aaf13991bdaa,test004,1756498057.0,0.75
68b210239a74aaf13991bdab,test004,1756498059.0,0.8
68b210239a74aaf13991bdac,test004,1756498061.0,0.85
68b210239a74aaf13991bdad,test004,1756498066.0,0.95
68b210239a74aaf13991bdae,test004,1756498080.0,0.9
68b210239a74aaf13991bdaf,test004,1756498093.0,0.8
68b210239a74aaf13991bdb0,test004,1756498096.0,0.75
68b210239a74aaf13991bdb1,test004,1756498097.0,0.7
68b210239a74aaf13991bdb2,test004,1756498099.0,0.65
68b210239a74aaf13991bdb3,test004,1756498104.0,0.55
68b210239a74aaf13991bdb4,test004,1756498108.0,0.6
68b210239a74aaf13991bdb5,test004,1756498109.0,0.7
68b210239a74aaf13991bdb7,test004,1756498110.0,0.8
68b210239a74aaf13991bdb9,test004,1756498111.0,0.95
68b210239a74aaf13991bdbb,test004,1756498151.0,0.95
68b210239a74aaf13991bdbc,test004,1756498164.0,1.0
68b210239a74aaf13991bdbd,test004,1756498190.0,0.95
68b210239a74aaf13991bdbe,test004,1756498192.0,0.9
68b210239a74aaf13991bdbf,test004,1756498204.0,0.8
68b210239a74aaf13991bdc0,test004,1756498205.0,0.75
68b210239a74aaf13991bdc1,test004,1756498207.0,0.7
68b210239a74aaf13991bdc2,test004,1756498210.0,0.75
68b210239a74aaf13991bdc3,test004,1756498211.0,0.8
68b210239a74aaf13991bdc4,test004,1756498212.0,0.85
68b210239a74aaf13991bdc5,test004,1756498214.0,0.95
68b210239a74aaf13991bdc6,test004,1756498215.0,1.0
68b210239a74aaf13991bdca,test004,1756498287.0,0.95
68b210239a74aaf13991bdcb,test004,1756498291.0,1.0
68b210239a74aaf13991bdcc,test004,1756498308.0,0.95
68b210239a74aaf13991bdcd,test004,1756498309.0,0.9
68b210239a74aaf13991bdce,test004,1756498312.0,0.8
68b210239a74aaf13991bdcf,test004,1756498314.0,0.75
68b210239a74aaf13991bdd0,test004,1756498316.0,0.7
68b210239a74aaf13991bdd1,test004,1756498317.0,0.65
68b210239a74aaf13991bdd2,test004,1756498322.0,0.55
68b210239a74aaf13991bdd3,test004,1756498325.0,0.5
68b210239a74aaf13991bdd4,test004,1756498335.0,0.8
68b210239a74aaf13991bdd5,test004,1756498354.0,0.75
68b210239a74aaf13991bdd6,test004,1756498356.0,0.7
68b210239a74aaf13991bdd7,test004,1756498357.0,0.65
68b210239a74aaf13991bdd8,test004,1756498642.0,0.7
68b210239a74aaf13991bdd9,test004,1756498643.0,0.75
68b210239a74aaf13991bddb,test004,1756498644.0,0.85
68b210239a74aaf13991bddc,test004,1756498645.0,0.95
68b210239a74aaf13991bdde,test004,1756498655.0,0.95
68b210239a74aaf13991bddf,test004,1756498656.0,0.9
68b210239a74aaf13991bde0,test004,1756498659.0,0.8
68b210239a74aaf13991bde1,test004,1756498661.0,0.75
68b210239a74aaf13991bde2,test004,1756498663.0,0.8
68b210239a74aaf13991bde3,test004,1756498664.0,0.85
68b210239a74aaf13991bde4,test004,1756498666.0,0.95
68b210239a74aaf13991bde6,test004,1756498672.0,0.95
68b210239a74aaf13991bde7,test004,1756498673.0,0.9
68b210239a74aaf13991bde8,test004,1756498676.0,0.8
68b210239a74aaf13991bde9,test004,1756498678.0,0.75
68b210239a74aaf13991bdea,test004,1756498679.0,0.7
68b210239a74aaf13991bdeb,test004,1756498681.0,0.65
68b210239a74aaf13991bdec,test004,1756498685.0,0.7
68b210239a74aaf13991bded,test004,1756498686.0,0.75
68b210239a74aaf13991bdef,test004,1756498687.0,0.75
68b210239a74aaf13991bdf0,test004,1756498689.0,0.7
68b210239a74aaf13991bdf1,test004,1756498691.0,0.65
68b210239a74aaf13991bdf2,test004,1756498770.0,0.7
68b210239a74aaf13991bdf3,test004,1756498771.0,0.75
68b210239a74aaf13991bdf4,test004,1756498775.0,0.7
68b210239a74aaf13991bdf5,test004,1756498797.0,0.65
68b210239a74aaf13991be0c,test004,1756498910.0,0.55
68b210239a74aaf13991be0d,test004,1756498914.0,0.6
68b210239a74aaf13991be0e,test004,1756498954.0,0.55
68b210239a74aaf13991be0f,test004,1756498960.0,0.6
68b210239a74aaf13991be10,test004,1756499163.0,0.7
68b210239a74aaf13991be11,test004,1756499164.0,0.75
68b210239a74aaf13991be12,test004,1756499174.0,0.7
68b210239a74aaf13991be13,test004,1756499177.0,0.65
68b210239a74aaf13991be14,test004,1756499202.0,0.55
68b210239a74aaf13991be15,test004,1756499232.0,0.6
68b210239a74aaf13991be16,test004,1756499235.0,0.7
68b210239a74aaf13991be17,test004,1756499239.0,0.75
68b210239a74aaf13991be19,test004,1756499240.0,0.85
68b210239a74aaf13991be1a,test004,1756499241.0,0.95
68b210239a74aaf13991be1b,test004,1756499242.0,1.0
68b210239a74aaf13991be1c,test004,1756499275.0,0.95
68b210239a74aaf13991be1d,test004,1756499277.0,0.9
68b210239a74aaf13991be1e,test004,1756499296.0,0.95
68b210239a74aaf13991be1f,test004,1756499299.0,0.9
68b210239a74aaf13991be20,test004,1756499302.0,0.8
68b210239a74aaf13991be21,test004,1756499303.0,0.75
68b210239a74aaf13991be22,test004,1756499305.0,0.7
68b210239a74aaf13991be23,test004,1756499322.0,0.65
68b22c424b2302a07e0dc635,test004,1756499484.0,0.7
68b22c424b2302a07e0dc636,test004,1756499485.0,0.75
68b22c424b2302a07e0dc637,test004,1756499487.0,0.8
68b22c424b2302a07e0dc638,test004,1756499488.0,0.85
68b22c424b2302a07e0dc639,test004,1756499489.0,0.8
68b22c424b2302a07e0dc63a,test004,1756499491.0,0.75
68b22c424b2302a07e0dc63b,test004,1756499493.0,0.7
68b22c424b2302a07e0dc63c,test004,1756499495.0,0.65
68b22c424b2302a07e0dc63d,test004,1756499519.0,0.55
68b22c424b2302a07e0dc63e,test004,1756499521.0,0.5
68b22c424b2302a07e0dc63f,test004,1756499524.0,0.45
68b22c424b2302a07e0dc640,test004,1756499527.0,0.35
68b22c424b2302a07e0dc641,test004,1756499599.0,0.4
68b22c424b2302a07e0dc642,test004,1756499600.0,0.5
68b22c424b2302a07e0dc643,test004,1756499601.0,0.55
68b22c424b2302a07e0dc644,test004,1756499646.0,0.6
68b22c424b2302a07e0dc645,test004,1756499647.0,0.7
68b22c424b2302a07e0dc647,test004,1756499648.0,0.8
68b22c424b2302a07e0dc649,test004,1756499649.0,0.95
68b22c424b2302a07e0dc64b,test004,1756499651.0,0.95
68b22c424b2302a07e0dc64c,test004,1756499653.0,0.9
68b22c424b2302a07e0dc64d,test004,1756499658.0,0.95
68b22c424b2302a07e0dc64e,test004,1756499659.0,0.9
68b22c424b2302a07e0dc64f,test004,1756499662.0,0.8
68b22c424b2302a07e0dc650,test004,1756499663.0,0.75
68b22c424b2302a07e0dc651,test004,1756499665.0,0.7
68b22c424b2302a07e0dc652,test004,1756499668.0,0.65
68b22c424b2302a07e0dc653,test004,1756499724.0,0.7
68b22c424b2302a07e0dc654,test004,1756499725.0,0.75
68b22c424b2302a07e0dc657,test004,1756499726.0,0.95
68b22c424b2302a07e0dc659,test004,1756499727.0,0.95
68b22c424b2302a07e0dc65a,test004,1756499728.0,0.9
68b22c424b2302a07e0dc65b,test004,1756499731.0,0.8
68b22c424b2302a07e0dc65c,test004,1756499733.0,0.75
68b22c424b2302a07e0dc65d,test004,1756499734.0,0.7
68b22c424b2302a07e0dc65e,test004,1756499736.0,0.65
68b22c424b2302a07e0dc65f,test004,1756499793.0,0.7
68b22c424b2302a07e0dc661,test004,1756499794.0,0.8
68b22c424b2302a07e0dc662,test004,1756499795.0,0.85
68b22c424b2302a07e0dc663,test004,1756499796.0,0.95
68b22c424b2302a07e0dc664,test004,1756499797.0,1.0
68b22c424b2302a07e0dc665,test004,1756499798.0,0.95
68b22c424b2302a07e0dc666,test004,1756499800.0,0.9
68b22c424b2302a07e0dc667,test004,1756499802.0,0.8
68b22c424b2302a07e0dc668,test004,1756499804.0,0.75
68b22c424b2302a07e0dc669,test004,1756499806.0,0.7
68b22c424b2302a07e0dc66a,test004,1756499808.0,0.65
68b22c424b2302a07e0dc66b,test004,1756499864.0,0.7
68b22c424b2302a07e0dc66c,test004,1756499865.0,0.75
68b22c424b2302a07e0dc66e,test004,1756499866.0,0.85
68b22c424b2302a07e0dc66f,test004,1756499867.0,0.95
68b22c424b2302a07e0dc671,test004,1756499872.0,0.95
68b22c424b2302a07e0dc672,test004,1756499874.0,0.9
68b22c424b2302a07e0dc673,test004,1756499877.0,0.8
68b22c424b2302a07e0dc674,test004,1756499879.0,0.75
68b22c424b2302a07e0dc675,test004,1756499881.0,0.7
68b22c424b2302a07e0dc676,test004,1756499882.0,0.65
68b22c424b2302a07e0dc677,test004,1756499981.0,0.55
68b22c424b2302a07e0dc766,test004,1756500276.0,0.6
68b22c424b2302a07e0dc767,test004,1756500277.0,0.7
68b22c424b2302a07e0dc768,test004,1756500278.0,0.75
68b22c424b2302a07e0dc76b,test004,1756500279.0,0.95
68b22c424b2302a07e0dc76d,test004,1756500285.0,0.95
68b22c424b2302a07e0dc76e,test004,1756500286.0,0.9
68b22c424b2302a07e0dc76f,test004,1756500289.0,0.8
68b22c424b2302a07e0dc770,test004,1756500291.0,0.75
68b22c424b2302a07e0dc771,test004,1756500292.0,0.7
68b22c424b2302a07e0dc772,test004,1756500294.0,0.65
68b22c424b2302a07e0dc773,test004,1756500370.0,0.7
68b22c424b2302a07e0dc774,test004,1756500372.0,0.75
68b22c424b2302a07e0dc775,test004,1756500374.0,0.8
68b22c424b2302a07e0dc776,test004,1756500375.0,0.85
68b22c424b2302a07e0dc777,test004,1756500381.0,0.95
68b22c424b2302a07e0dc778,test004,1756500383.0,1.0
68b22c424b2302a07e0dc779,test004,1756500458.0,0.95
68b22c424b2302a07e0dc77a,test004,1756500460.0,0.9
68b22c424b2302a07e0dc77b,test004,1756500470.0,0.0
68b22c424b2302a07e0dc77c,test004,1756500609.0,0.15
68b22c424b2302a07e0dc77d,test004,1756500615.0,0.0
68b22c424b2302a07e0dc790,test004,1756501135.0,0.75
68b22c424b2302a07e0dc792,test004,1756501136.0,0.85
68b22c424b2302a07e0dc793,test004,1756501137.0,0.95
68b22c424b2302a07e0dc794,test004,1756501161.0,1.0
68b22c424b2302a07e0dc795,test004,1756501166.0,0.95
68b22c424b2302a07e0dc796,test004,1756501168.0,0.9
68b22c424b2302a07e0dc797,test004,1756501223.0,0.8
68b22c424b2302a07e0dc798,test004,1756501226.0,0.75
68b22c424b2302a07e0dc799,test004,1756501243.0,0.7
68b22c424b2302a07e0dc79a,test004,1756501245.0,0.65
68b22c424b2302a07e0dc79b,test004,1756501252.0,0.7
68b22c424b2302a07e0dc79c,test004,1756501253.0,0.75
68b22c424b2302a07e0dc79d,test004,1756501255.0,0.8
68b22c424b2302a07e0dc79e,test004,1756501256.0,0.85
68b22c424b2302a07e0dc79f,test004,1756501265.0,0.95
68b22c424b2302a07e0dc7a0,test004,1756501271.0,0.9
68b22c424b2302a07e0dc7a1,test004,1756501280.0,0.95
68b26933fa0fee55dd917031,test004,1756521874.0,0.2
68b26933fa0fee55dd917033,test004,1756521921.0,0.15
68b26933fa0fee55dd917034,test004,1756522047.0,0.25
68b26933fa0fee55dd917035,test004,1756522049.0,0.3
68b26933fa0fee55dd917036,test004,1756522111.0,0.0
68b26933fa0fee55dd917037,test004,1756522128.0,0.15
68b26933fa0fee55dd917038,test004,1756522130.0,0.0
68b26933fa0fee55dd917039,test004,1756522145.0,0.2
68b26de13c46be163de89bdb,test004,1756522952.0,0.0
68b26de13c46be163de89bdc,test004,1756522953.0,0.2
68b26de13c46be163de89bdd,test004,1756522964.0,0.0
68b26de13c46be163de89bde,test004,1756523006.0,0.1
68b26de13c46be163de89bdf,test004,1756523007.0,0.15
68b26de13c46be163de89be0,test004,1756523010.0,0.0
68b26de13c46be163de89be1,test004,1756523011.0,0.2
68b26de13c46be163de89be2,test004,1756523082.0,0.0
68b26de13c46be163de89be3,test004,1756523189.0,0.2
68b26de13c46be163de89be4,test004,1756523194.0,0.0
68b26de13c46be163de89be5,test004,1756523203.0,0.35
68b26de13c46be163de89be6,test004,1756523210.0,0.4
68b26de13c46be163de89be7,test004,1756523240.0,0.35
68b26de13c46be163de89be8,test004,1756523244.0,0.25
68b26de13c46be163de89be9,test004,1756523276.0,0.0
68b26de13c46be163de89bea,test004,1756523305.0,0.35
68b26de13c46be163de89beb,test004,1756523307.0,0.4
68b26de13c46be163de89bec,test004,1756523456.0,0.35
68b26de13c46be163de89bed,test004,1756523462.0,0.4
68b26de13c46be163de89bee,test004,1756523490.0,0.0
68b26de13c46be163de89bf0,test004,1756523491.0,0.0
68b26de13c46be163de89bf1,test004,1756523499.0,0.3
68b26de13c46be163de89bf2,test004,1756523505.0,0.0
68b26de13c46be163de89bf3,test004,1756523507.0,0.15
68b2706a1c4889f19b292e7b,test004,1756523650.0,0.25
68b2706a1c4889f19b292e7c,test004,1756523653.0,0.0
68b2706a1c4889f19b292e7d,test004,1756523768.0,0.4
68b2706a1c4889f19b292e7e,test004,1756523773.0,0.0
68b2706a1c4889f19b292e7f,test004,1756523791.0,0.35
68b2706a1c4889f19b292e80,test004,1756523793.0,0.4
68b2706a1c4889f19b292e81,test004,1756523801.0,0.0
68b2706a1c4889f19b292e82,test004,1756523875.0,0.15
68b2706a1c4889f19b292e83,test004,1756523880.0,0.0
68b2706a1c4889f19b292e84,test004,1756523881.0,0.25
68b2706a1c4889f19b292e85,test004,1756523883.0,0.0
68b274fabc81ed57b6aede12,test004,1756524754.0,0.05
68b274fabc81ed57b6aede14,test004,1756524755.0,0.15
68b274fabc81ed57b6aede15,test004,1756524756.0,0.25
68b274fabc81ed57b6aede16,test004,1756525085.0,0.0
68b274fabc81ed57b6aede17,test004,1756525193.0,0.2
68b293625886b7b098defc71,test004,1756526322.0,0.0
68b293625886b7b098defc72,test004,1756526323.0,0.15
68b293625886b7b098defc73,test004,1756526324.0,0.25
68b293625886b7b098defc74,test004,1756526325.0,0.3
68b293625886b7b098defc76,test004,1756526344.0,0.0
68b293625886b7b098defc77,test004,1756526386.0,0.05
68b293625886b7b098defc78,test004,1756526387.0,0.1
68b293625886b7b098defc79,test004,1756526388.0,0.15
68b293625886b7b098defc7a,test004,1756526389.0,0.25
68b293625886b7b098defc7d,test004,1756526394.0,0.35
68b293625886b7b098defc7e,test004,1756526398.0,0.25
