_id,uid,timestamp,lock_state
68afe00d6ce213cee766af30,test004,1756353602.0,0
68afe00d6ce213cee766af32,test004,1756353612.0,1
68afe00d6ce213cee766af33,test004,1756353613.0,0
68afe00d6ce213cee766af34,test004,1756353619.0,1
68afe00d6ce213cee766af45,test004,1756353673.0,0
68afe00d6ce213cee766af47,test004,1756353674.0,1
68afe00d6ce213cee766af50,test004,1756353721.0,0
68afe00d6ce213cee766af52,test004,1756353762.0,1
68afe00d6ce213cee766af53,test004,1756354263.0,0
68afe00d6ce213cee766af73,test004,1756354339.0,1
68afe00d6ce213cee766af74,test004,1756354341.0,0
68afe00d6ce213cee766af75,test004,1756354364.0,1
68afe00d6ce213cee766afaa,test004,1756355956.0,0
68afe7069dd923b91ffdc780,test004,1756357489.0,1
68afe7069dd923b91ffdc781,test004,1756357514.0,0
68afe95baa12a9a2e2a833d8,test004,1756357942.0,1
68aff5155928c2e13e959a2f,test004,1756361029.0,0
68aff5155928c2e13e959a31,test004,1756361051.0,1
68affc1de0eab137e5009dd6,test004,1756362493.0,0
68affc1de0eab137e5009dd8,test004,1756362582.0,1
68affc1de0eab137e5009def,test004,1756362759.0,0
68affe75cf6361246e4c98aa,test004,1756363602.0,1
68b075fb7857c286823ac591,test004,1756394246.0,0
68b07aad8dcc107e6b69b33d,test004,1756394597.0,1
68b07aad8dcc107e6b69b33e,test004,1756394613.0,0
68b07aad8dcc107e6b69b340,test004,1756394979.0,1
68b07aad8dcc107e6b69b341,test004,1756395014.0,0
68b081b516c550625bb509d4,test004,1756397005.0,1
68b081b516c550625bb509d5,test004,1756397051.0,0
68b0866430ae1a4d7c0aa324,test004,1756397704.0,1
68b0866430ae1a4d7c0aa325,test004,1756397723.0,0
68b0866430ae1a4d7c0aa327,test004,1756397958.0,1
68b0866430ae1a4d7c0aa328,test004,1756398039.0,0
68b0866430ae1a4d7c0aa34b,test004,1756398381.0,1
68b088bcb92ca0798597befe,test004,1756398825.0,0
68b088bcb92ca0798597bf00,test004,1756398877.0,1
68b0921bd0f3216b6c3faa13,test004,1756401142.0,0
68b0921bd0f3216b6c3faa15,test004,1756401218.0,1
68b0a02a5ee88f3ce53ba45b,test004,1756404303.0,0
68b0a02a5ee88f3ce53ba45d,test004,1756404535.0,1
68b0a2850c85acded482a978,test004,1756404885.0,0
68b0a2850c85acded482a98b,test004,1756405344.0,1
68b0a2850c85acded482a98c,test004,1756405369.0,0
68b0a733304e5e093ebe570d,test004,1756406042.0,1
68b0a733304e5e093ebe570e,test004,1756406074.0,0
68b0a733304e5e093ebe5710,test004,1756406091.0,1
68b0a733304e5e093ebe5711,test004,1756406162.0,0
68b0a733304e5e093ebe5713,test004,1756406202.0,1
68b0a733304e5e093ebe5714,test004,1756406210.0,0
68b0a733304e5e093ebe5715,test004,1756406401.0,1
68b0a98c31b3e2c479f746c9,test004,1756407088.0,0
68b0a98c31b3e2c479f746cb,test004,1756407214.0,1
68b0a98c31b3e2c479f746cc,test004,1756407225.0,0
68b0a98c31b3e2c479f746ce,test004,1756407254.0,1
68b0a98c31b3e2c479f746cf,test004,1756407551.0,0
68b0a98c31b3e2c479f746d1,test004,1756407590.0,1
68b0ae3cdd80d39a0fde12c0,test004,1756407745.0,0
68b0ae3cdd80d39a0fde12c2,test004,1756407790.0,1
68b0ae3cdd80d39a0fde12c3,test004,1756407847.0,0
68b0ae3cdd80d39a0fde12c5,test004,1756407862.0,1
68b0b0937d881ffcafec5ac1,test004,1756408388.0,0
68b0b0937d881ffcafec5ac3,test004,1756408407.0,1
68b0b0937d881ffcafec5ac4,test004,1756408466.0,0
68b0b0937d881ffcafec5ac6,test004,1756408474.0,1
68b0b0937d881ffcafec5ac7,test004,1756408588.0,0
68b0b0937d881ffcafec5ac9,test004,1756408607.0,1
68b0b0937d881ffcafec5b00,test004,1756408896.0,0
68b0b0937d881ffcafec5b02,test004,1756408936.0,1
68b0b0937d881ffcafec5b03,test004,1756409179.0,0
68b0b0937d881ffcafec5b05,test004,1756409201.0,1
68b0b5447be4712b13272e34,test004,1756409538.0,0
68b0b5447be4712b13272e36,test004,1756409569.0,1
68b0b5447be4712b13272e37,test004,1756409673.0,0
68b0b5447be4712b13272e39,test004,1756409681.0,1
68b0b5447be4712b13272e3a,test004,1756409684.0,0
68b0b5447be4712b13272e3b,test004,1756409686.0,1
68b0b5447be4712b13272e3c,test004,1756409695.0,0
68b0b5447be4712b13272e3d,test004,1756409753.0,1
68b0b79bcbc4ee7ff1d5a1b7,test004,1756410200.0,0
68b0b79bcbc4ee7ff1d5a1b9,test004,1756410245.0,1
68b0b79bcbc4ee7ff1d5a1ba,test004,1756410510.0,0
68b0b79bcbc4ee7ff1d5a1bc,test004,1756410609.0,1
68b0b79bcbc4ee7ff1d5a1e9,test004,1756410748.0,0
68b0b79bcbc4ee7ff1d5a1eb,test004,1756410865.0,1
68b0b79bcbc4ee7ff1d5a1ec,test004,1756410890.0,0
68b0b79bcbc4ee7ff1d5a1ee,test004,1756410990.0,1
68b0b79bcbc4ee7ff1d5a1ef,test004,1756411061.0,0
68b0b79bcbc4ee7ff1d5a1f1,test004,1756411081.0,1
68b0b79bcbc4ee7ff1d5a1f2,test004,1756411093.0,0
68b0b79bcbc4ee7ff1d5a1f4,test004,1756411126.0,1
68b0b79bcbc4ee7ff1d5a223,test004,1756411235.0,0
68b0b79bcbc4ee7ff1d5a225,test004,1756411249.0,1
68b0c356edd31c6378dc868e,test004,1756411314.0,0
68b0c356edd31c6378dc8690,test004,1756411398.0,1
68b0c356edd31c6378dc8691,test004,1756411485.0,0
68b0c356edd31c6378dc8693,test004,1756411497.0,1
68b0c356edd31c6378dc8694,test004,1756411736.0,0
68b0c356edd31c6378dc8696,test004,1756411750.0,1
68b0c356edd31c6378dc8697,test004,1756411797.0,0
68b0c356edd31c6378dc8699,test004,1756411870.0,1
68b0c356edd31c6378dc878d,test004,1756412082.0,0
68b0c356edd31c6378dc878f,test004,1756412099.0,1
68b0c356edd31c6378dc8790,test004,1756412138.0,0
68b0c356edd31c6378dc8792,test004,1756412283.0,1
68b0c356edd31c6378dc8793,test004,1756412328.0,0
68b0c356edd31c6378dc8795,test004,1756412335.0,1
68b0c356edd31c6378dc8796,test004,1756412342.0,0
68b0c356edd31c6378dc8797,test004,1756412408.0,1
68b0c356edd31c6378dc8798,test004,1756412417.0,0
68b0c356edd31c6378dc87ca,test004,1756412559.0,1
68b0c356edd31c6378dc87cb,test004,1756412630.0,0
68b0c356edd31c6378dc87cd,test004,1756412645.0,1
68b0c356edd31c6378dc87ce,test004,1756412817.0,0
68b0c356edd31c6378dc87d0,test004,1756412820.0,1
68b0c357edd31c6378dc87fe,test004,1756413146.0,0
68b0c357edd31c6378dc8800,test004,1756413282.0,1
68b0c357edd31c6378dc8801,test004,1756413316.0,0
68b0c357edd31c6378dc8803,test004,1756413325.0,1
68b0c357edd31c6378dc8804,test004,1756413391.0,0
68b0c357edd31c6378dc8806,test004,1756413409.0,1
68b0c357edd31c6378dc8807,test004,1756413501.0,0
68b0c357edd31c6378dc8809,test004,1756413533.0,1
68b0c357edd31c6378dc883b,test004,1756414009.0,0
68b0c357edd31c6378dc883d,test004,1756414029.0,1
68b0c357edd31c6378dc883e,test004,1756414133.0,0
68b0c357edd31c6378dc8840,test004,1756414136.0,1
68b0c805de00c08c7b7f85de,test004,1756414569.0,0
68b0ca5c4cfdcc35d43ebcc0,test004,1756415561.0,1
68b0ca5c4cfdcc35d43ebcc1,test004,1756415831.0,0
68b0ca5c4cfdcc35d43ebcc3,test004,1756415888.0,1
68b0ca5c4cfdcc35d43ebcc4,test004,1756415908.0,0
68b0ca5c4cfdcc35d43ebcc6,test004,1756415919.0,1
68b0ca5c4cfdcc35d43ebcc7,test004,1756415952.0,0
68b0ca5c4cfdcc35d43ebcc9,test004,1756415963.0,1
68b0ca5c4cfdcc35d43ebcca,test004,1756415982.0,0
68b0ca5c4cfdcc35d43ebccc,test004,1756416025.0,1
68b0dac3d57e47ec54a5b54c,test004,1756419424.0,0
68b0dac3d57e47ec54a5b54e,test004,1756419451.0,1
68b0dac3d57e47ec54a5b54f,test004,1756419472.0,0
68b0dd1eea61d18f9a1b914a,test004,1756419845.0,1
68b0dd1eea61d18f9a1b914b,test004,1756419863.0,0
68b0dd1eea61d18f9a1b914d,test004,1756419884.0,1
68b0dd1eea61d18f9a1b914e,test004,1756420081.0,0
68b0dd1eea61d18f9a1b9150,test004,1756420087.0,1
68b0dd1eea61d18f9a1b9151,test004,1756420183.0,0
68b0dd1eea61d18f9a1b9153,test004,1756420189.0,1
68b0dd1eea61d18f9a1b9154,test004,1756420271.0,0
68b0dd1eea61d18f9a1b9178,test004,1756420296.0,1
68b0dd1eea61d18f9a1b9179,test004,1756420300.0,0
68b0dd1eea61d18f9a1b917a,test004,1756420329.0,1
68b0dd1eea61d18f9a1b917b,test004,1756420373.0,0
68b0dd1eea61d18f9a1b917d,test004,1756420488.0,1
68b0dd1eea61d18f9a1b917e,test004,1756420506.0,0
68b0dd1eea61d18f9a1b9180,test004,1756420507.0,1
68b0dd1eea61d18f9a1b9181,test004,1756420524.0,0
68b0dd1eea61d18f9a1b9183,test004,1756420721.0,1
68b0dd1eea61d18f9a1b9184,test004,1756420728.0,0
68b0dd1eea61d18f9a1b9185,test004,1756420754.0,1
68b0dd1eea61d18f9a1b9186,test004,1756420760.0,0
68b0dd1eea61d18f9a1b9187,test004,1756420761.0,1
68b0e1cc792af0394eb808e3,test004,1756421186.0,0
68b0e1cc792af0394eb808e5,test004,1756421197.0,1
68b0e1cc792af0394eb808e6,test004,1756421248.0,0
68b0e1cc792af0394eb808e8,test004,1756421384.0,1
68b0e1cc792af0394eb808e9,test004,1756421448.0,0
68b0e42543463f16ed7be908,test004,1756421917.0,1
68b0e42543463f16ed7be928,test004,1756422584.0,0
68b0e42543463f16ed7be92a,test004,1756422599.0,1
68b0e8d53dc9e015f1cdf755,test004,1756422753.0,0
68b0e8d53dc9e015f1cdf757,test004,1756422771.0,1
68b0e8d53dc9e015f1cdf758,test004,1756422773.0,0
68b0e8d53dc9e015f1cdf759,test004,1756422774.0,1
68b0e8d53dc9e015f1cdf75a,test004,1756422775.0,0
68b0e8d53dc9e015f1cdf75b,test004,1756422776.0,1
68b0e8d53dc9e015f1cdf75c,test004,1756422821.0,0
68b0e8d53dc9e015f1cdf75e,test004,1756422844.0,1
68b0e8d53dc9e015f1cdf75f,test004,1756422934.0,0
68b0e8d53dc9e015f1cdf761,test004,1756422936.0,1
68b0e8d53dc9e015f1cdf762,test004,1756423014.0,0
68b0e8d53dc9e015f1cdf764,test004,1756423016.0,1
68b0e8d53dc9e015f1cdf765,test004,1756423017.0,0
68b0e8d53dc9e015f1cdf766,test004,1756423035.0,1
68b0e8d53dc9e015f1cdf767,test004,1756423066.0,0
68b0e8d53dc9e015f1cdf769,test004,1756423067.0,1
68b0e8d53dc9e015f1cdf76b,test004,1756423074.0,1
68b0e8d53dc9e015f1cdf797,test004,1756423364.0,0
68b0e8d53dc9e015f1cdf799,test004,1756423379.0,1
68b0e8d53dc9e015f1cdf79a,test004,1756423417.0,0
68b0e8d53dc9e015f1cdf79c,test004,1756423458.0,1
68b0e8d53dc9e015f1cdf79d,test004,1756423544.0,0
68b0e8d53dc9e015f1cdf79f,test004,1756423556.0,1
68b0e8d53dc9e015f1cdf7a0,test004,1756423608.0,0
68b0e8d53dc9e015f1cdf7a3,test004,1756423639.0,0
68b0e8d53dc9e015f1cdf7a5,test004,1756423647.0,1
68b0e8d53dc9e015f1cdf7a6,test004,1756423686.0,0
68b0e8d53dc9e015f1cdf7a8,test004,1756423702.0,1
68b0e8d53dc9e015f1cdf7a9,test004,1756423770.0,0
68b0e8d53dc9e015f1cdf7ab,test004,1756423782.0,1
68b0ed845d3d1addd75e6fb6,test004,1756423905.0,0
68b0ed845d3d1addd75e6fb8,test004,1756423917.0,1
68b0ed845d3d1addd75e6fb9,test004,1756424024.0,0
68b0ed845d3d1addd75e6fbb,test004,1756424026.0,1
68b0ed845d3d1addd75e6fbc,test004,1756424052.0,0
68b0ed845d3d1addd75e6fbe,test004,1756424059.0,1
68b0ed845d3d1addd75e6fbf,test004,1756424060.0,0
68b0ed845d3d1addd75e6fc0,test004,1756424063.0,1
68b0ed845d3d1addd75e6fc1,test004,1756424161.0,0
68b0ed845d3d1addd75e6fc3,test004,1756424181.0,1
68b0ed845d3d1addd75e6fc4,test004,1756424218.0,0
68b0ed845d3d1addd75e6fc6,test004,1756424233.0,1
68b0ed845d3d1addd75e6ff0,test004,1756424653.0,0
68b0ed845d3d1addd75e6ff2,test004,1756424661.0,1
68b0ed845d3d1addd75e6ff3,test004,1756424672.0,0
68b0ed845d3d1addd75e6ff5,test004,1756424678.0,1
68b0ed845d3d1addd75e6ff6,test004,1756424689.0,0
68b0ed845d3d1addd75e6ff8,test004,1756424717.0,1
68b0f48cf65f649899b9beb1,test004,1756425847.0,0
68b0f48cf65f649899b9beb3,test004,1756425873.0,1
68b0f48cf65f649899b9beb4,test004,1756425942.0,0
68b0f48cf65f649899b9beb6,test004,1756425954.0,1
68b0f48cf65f649899b9beb7,test004,1756425972.0,0
68b0f48cf65f649899b9beb9,test004,1756426003.0,1
68b0f48cf65f649899b9beba,test004,1756426049.0,0
68b0f48cf65f649899b9bebc,test004,1756426067.0,1
68b0f48cf65f649899b9bebd,test004,1756426136.0,0
68b0f48cf65f649899b9bebf,test004,1756426162.0,1
68b0f48cf65f649899b9bec0,test004,1756426255.0,0
68b0f48cf65f649899b9bec2,test004,1756426266.0,1
68b0f48cf65f649899b9bf0b,test004,1756426362.0,0
68b0f48cf65f649899b9bf0d,test004,1756426380.0,1
68b0f48cf65f649899b9bf0e,test004,1756426416.0,0
68b0f48cf65f649899b9bf10,test004,1756426417.0,1
68b0f48cf65f649899b9bf11,test004,1756426420.0,0
68b0f48cf65f649899b9bf12,test004,1756426505.0,1
68b0f48cf65f649899b9bf13,test004,1756426545.0,0
68b0f48cf65f649899b9bf15,test004,1756426553.0,1
68b0f48cf65f649899b9bf16,test004,1756426692.0,0
68b0f48cf65f649899b9bf18,test004,1756426695.0,1
68b0f48cf65f649899b9bf19,test004,1756426728.0,0
68b0f48cf65f649899b9bf1b,test004,1756426730.0,1
68b0f48cf65f649899b9bf1d,test004,1756426731.0,1
68b0f48cf65f649899b9bf1e,test004,1756426851.0,0
68b0f48cf65f649899b9bf20,test004,1756426864.0,1
68b0f6e466c3a0fbedd6ec2d,test004,1756426891.0,0
68b0f6e466c3a0fbedd6ec2f,test004,1756426901.0,1
68b0f6e466c3a0fbedd6ec30,test004,1756426986.0,0
68b0f6e466c3a0fbedd6ec32,test004,1756427022.0,1
68b0f6e466c3a0fbedd6ec33,test004,1756427027.0,0
68b0f6e466c3a0fbedd6ec34,test004,1756427077.0,1
68b0f6e466c3a0fbedd6ec35,test004,1756427108.0,0
68b0f6e466c3a0fbedd6ec37,test004,1756427109.0,1
68b0f6e466c3a0fbedd6ec38,test004,1756427174.0,0
68b0f6e466c3a0fbedd6ec3a,test004,1756427175.0,1
68b0f6e466c3a0fbedd6ec3b,test004,1756427262.0,0
68b0f6e466c3a0fbedd6ec3d,test004,1756427263.0,1
68b0fb9461da30daed084090,test004,1756427508.0,0
68b0fb9461da30daed084092,test004,1756427540.0,1
68b0fb9461da30daed084093,test004,1756427617.0,0
68b0fb9461da30daed084095,test004,1756427625.0,1
68b0fb9461da30daed084096,test004,1756427742.0,0
68b0fb9461da30daed084098,test004,1756427775.0,1
68b0fb9461da30daed084099,test004,1756427848.0,0
68b0fb9461da30daed08409b,test004,1756427861.0,1
68b0fb9461da30daed08409c,test004,1756428006.0,0
68b0fb9461da30daed08409e,test004,1756428012.0,1
68b0fb9461da30daed08409f,test004,1756428045.0,0
68b0fb9461da30daed0840a1,test004,1756428051.0,1
68b0fb9461da30daed0840d2,test004,1756428664.0,0
68b0fdeca3acf9fea67e753b,test004,1756428699.0,1
68b0fdeca3acf9fea67e753c,test004,1756428820.0,0
68b0fdeca3acf9fea67e753e,test004,1756428821.0,1
68b0fdeca3acf9fea67e753f,test004,1756428831.0,0
68b0fdeca3acf9fea67e7540,test004,1756428857.0,1
68b0fdeca3acf9fea67e7541,test004,1756428872.0,0
68b0fdeca3acf9fea67e7543,test004,1756428944.0,1
68b0fdeca3acf9fea67e7544,test004,1756428982.0,0
68b0fdeca3acf9fea67e7546,test004,1756429012.0,1
68b0fdeca3acf9fea67e7547,test004,1756429023.0,0
68b0fdeca3acf9fea67e7549,test004,1756429093.0,1
68b0fdeca3acf9fea67e754a,test004,1756429101.0,0
68b0fdeca3acf9fea67e754b,test004,1756429107.0,1
68b0fdeca3acf9fea67e754c,test004,1756429231.0,0
68b1029c9aed0961857953b9,test004,1756429285.0,1
68b1029c9aed0961857953d0,test004,1756429975.0,0
68b1029c9aed0961857953d2,test004,1756429988.0,1
68b104f4a02ab237099176e1,test004,1756430771.0,0
68b104f4a02ab237099176e3,test004,1756430790.0,1
68b110accb613a0ec5641ed6,test004,1756433769.0,0
68b110accb613a0ec5641ed8,test004,1756433806.0,1
68b110accb613a0ec5641ed9,test004,1756433858.0,0
68b110accb613a0ec5641edb,test004,1756433860.0,1
68b110accb613a0ec5641edd,test004,1756433894.0,1
68b1155b448db2dafa807e2a,test004,1756434132.0,0
68b1155b448db2dafa807e2c,test004,1756434150.0,1
68b1155b448db2dafa807e2d,test004,1756434201.0,0
68b1155b448db2dafa807e2f,test004,1756434247.0,1
68b1155b448db2dafa807e30,test004,1756434300.0,0
68b1155b448db2dafa807e32,test004,1756434379.0,1
68b11a0d7425ecae9014cb2c,test004,1756434820.0,0
68b11a0d7425ecae9014cb2e,test004,1756434832.0,1
68b11a0d7425ecae9014cb2f,test004,1756434861.0,0
68b11a0d7425ecae9014cb31,test004,1756434863.0,1
68b11a0d7425ecae9014cb32,test004,1756434909.0,0
68b11a0d7425ecae9014cb34,test004,1756434977.0,1
68b11a0d7425ecae9014cb35,test004,1756435082.0,0
68b11a0d7425ecae9014cb37,test004,1756435083.0,1
68b11a0d7425ecae9014cb38,test004,1756435271.0,0
68b11a0d7425ecae9014cb66,test004,1756435285.0,1
68b11a0d7425ecae9014cb67,test004,1756435354.0,0
68b11a0d7425ecae9014cb69,test004,1756435355.0,1
68b11a0d7425ecae9014cb6a,test004,1756435537.0,0
68b11a0d7425ecae9014cb6c,test004,1756435538.0,1
68b11a0d7425ecae9014cb6d,test004,1756435564.0,0
68b11a0d7425ecae9014cb6f,test004,1756435565.0,1
68b11a0d7425ecae9014cb70,test004,1756435590.0,0
68b11a0d7425ecae9014cb72,test004,1756435591.0,1
68b11a0d7425ecae9014cb73,test004,1756435690.0,0
68b11a0d7425ecae9014cb75,test004,1756435691.0,1
68b11a0d7425ecae9014cb89,test004,1756435915.0,0
68b11a0d7425ecae9014cb8b,test004,1756435916.0,1
68b11a0d7425ecae9014cb8c,test004,1756436392.0,0
68b11a0d7425ecae9014cb8e,test004,1756436453.0,1
68b136349a3dce0ff55f4ae4,test004,1756440758.0,0
68b136349a3dce0ff55f4ae6,test004,1756440765.0,1
68b1443f67d09ea32d5df0e6,test004,1756443561.0,0
68b1443f67d09ea32d5df0e8,test004,1756443562.0,1
68b1443f67d09ea32d5df0f4,test004,1756443863.0,0
68b1443f67d09ea32d5df0f6,test004,1756443867.0,1
68b1443f67d09ea32d5df11a,test004,1756445095.0,0
68b1443f67d09ea32d5df11c,test004,1756445374.0,1
68b1443f67d09ea32d5df11d,test004,1756445415.0,0
68b1443f67d09ea32d5df11f,test004,1756445433.0,1
68b1443f67d09ea32d5df156,test004,1756445568.0,0
68b1443f67d09ea32d5df158,test004,1756445686.0,1
68b1443f67d09ea32d5df159,test004,1756445687.0,0
68b1443f67d09ea32d5df15a,test004,1756445688.0,1
68b1443f67d09ea32d5df15b,test004,1756445717.0,0
68b1443f67d09ea32d5df15d,test004,1756445862.0,1
68b1443f67d09ea32d5df17d,test004,1756446217.0,0
68b1443f67d09ea32d5df17f,test004,1756446260.0,1
68b1443f67d09ea32d5df180,test004,1756446317.0,0
68b1443f67d09ea32d5df182,test004,1756446334.0,1
68b1443f67d09ea32d5df183,test004,1756446412.0,0
68b1443f67d09ea32d5df185,test004,1756446413.0,1
68b148ec7619f6fc6611e161,test004,1756447794.0,0
68b148ec7619f6fc6611e164,test004,1756447795.0,0
68b148ec7619f6fc6611e165,test004,1756447798.0,1
68b148ec7619f6fc6611e16e,test004,1756448211.0,0
68b148ec7619f6fc6611e170,test004,1756448219.0,1
68b148ec7619f6fc6611e171,test004,1756448363.0,0
68b148ec7619f6fc6611e173,test004,1756448381.0,1
68b148ec7619f6fc6611e174,test004,1756448403.0,0
68b148ec7619f6fc6611e176,test004,1756448405.0,1
68b148ec7619f6fc6611e177,test004,1756448424.0,0
68b14b43bbd32c3d2c7e574c,test004,1756448602.0,1
68b14b43bbd32c3d2c7e574d,test004,1756448629.0,0
68b14b43bbd32c3d2c7e574f,test004,1756448639.0,1
68b14b43bbd32c3d2c7e5750,test004,1756448659.0,0
68b14b43bbd32c3d2c7e5752,test004,1756448664.0,1
68b14b43bbd32c3d2c7e5753,test004,1756448679.0,0
68b14b43bbd32c3d2c7e5755,test004,1756448689.0,1
68b14b43bbd32c3d2c7e5756,test004,1756448693.0,0
68b154a4e95c737b2e82d877,test004,1756450621.0,1
68b16e6d4c5fbd048b3e3681,test004,1756458020.0,0
68b16e6d4c5fbd048b3e3683,test004,1756458035.0,1
68b1731bbf772c0b644928ed,test004,1756458200.0,0
68b1731bbf772c0b644928ef,test004,1756458530.0,1
68b1731bbf772c0b644928f0,test004,1756458545.0,0
68b1731bbf772c0b64492922,test004,1756458968.0,1
68b1731bbf772c0b64492923,test004,1756459253.0,0
68b175752e18122d04c570cb,test004,1756459294.0,1
68b175752e18122d04c570cc,test004,1756459607.0,0
68b175752e18122d04c570ce,test004,1756459646.0,1
68b175752e18122d04c570cf,test004,1756459776.0,0
68b175752e18122d04c570d1,test004,1756459777.0,1
68b191929d11b5e01b6f3543,test004,1756459910.0,0
68b191929d11b5e01b6f3545,test004,1756459976.0,1
68b191929d11b5e01b6f3546,test004,1756460095.0,0
68b191929d11b5e01b6f3548,test004,1756460100.0,1
68b191929d11b5e01b6f3549,test004,1756460192.0,0
68b191929d11b5e01b6f354b,test004,1756460195.0,1
68b191929d11b5e01b6f354c,test004,1756460226.0,0
68b191929d11b5e01b6f354e,test004,1756460237.0,1
68b191929d11b5e01b6f354f,test004,1756460255.0,0
68b191929d11b5e01b6f3551,test004,1756460264.0,1
68b191929d11b5e01b6f356e,test004,1756460748.0,0
68b191929d11b5e01b6f3570,test004,1756460792.0,1
68b191929d11b5e01b6f3571,test004,1756460877.0,0
68b191929d11b5e01b6f358b,test004,1756461194.0,1
68b191929d11b5e01b6f358c,test004,1756461344.0,0
68b191929d11b5e01b6f358e,test004,1756461345.0,1
68b191929d11b5e01b6f358f,test004,1756461613.0,0
68b191939d11b5e01b6f35a1,test004,1756462136.0,1
68b1c9d333b6997ec52a66e0,test004,1756476244.0,0
68b1c9d333b6997ec52a66e2,test004,1756476309.0,1
68b1c9d333b6997ec52a66e3,test004,1756476519.0,0
68b1c9d333b6997ec52a66e5,test004,1756476573.0,1
68b1c9d433b6997ec52a6703,test004,1756476786.0,0
68b1c9d433b6997ec52a6705,test004,1756476802.0,1
68b1c9d433b6997ec52a6706,test004,1756477012.0,0
68b1c9d433b6997ec52a6708,test004,1756477178.0,1
68b1c9d433b6997ec52a6728,test004,1756477507.0,0
68b1c9d433b6997ec52a672a,test004,1756477600.0,1
68b1c9d433b6997ec52a6817,test004,1756477951.0,0
68b1c9d433b6997ec52a6819,test004,1756477971.0,1
68b1c9d433b6997ec52a681a,test004,1756477987.0,0
68b1c9d433b6997ec52a681c,test004,1756477988.0,1
68b1c9d433b6997ec52a681d,test004,1756478231.0,0
68b1c9d433b6997ec52a681f,test004,1756478303.0,1
68b1c9d433b6997ec52a6820,test004,1756478389.0,0
68b1c9d433b6997ec52a686c,test004,1756478489.0,1
68b1c9d433b6997ec52a686d,test004,1756478495.0,0
68b1c9d433b6997ec52a686e,test004,1756478525.0,1
68b1c9d433b6997ec52a686f,test004,1756478607.0,0
68b1c9d433b6997ec52a6871,test004,1756478697.0,1
68b1c9d433b6997ec52a6872,test004,1756478721.0,0
68b1c9d433b6997ec52a6874,test004,1756478732.0,1
68b1c9d433b6997ec52a6875,test004,1756478803.0,0
68b1c9d433b6997ec52a6877,test004,1756478820.0,1
68b1c9d433b6997ec52a6878,test004,1756478830.0,0
68b1c9d433b6997ec52a6879,test004,1756478892.0,1
68b1c9d433b6997ec52a687a,test004,1756478933.0,0
68b1c9d433b6997ec52a687c,test004,1756479032.0,1
68b1c9d433b6997ec52a687d,test004,1756479043.0,0
68b1c9d433b6997ec52a687f,test004,1756479057.0,1
68b1c9d433b6997ec52a6880,test004,1756479066.0,0
68b1c9d433b6997ec52a6922,test004,1756480589.0,1
68b1c9d433b6997ec52a6923,test004,1756480746.0,0
68b1c9d433b6997ec52a6925,test004,1756480755.0,1
68b1c9d433b6997ec52a6926,test004,1756480785.0,0
68b1c9d433b6997ec52a6928,test004,1756480810.0,1
68b1c9d433b6997ec52a6929,test004,1756480813.0,0
68b1c9d433b6997ec52a692a,test004,1756480847.0,1
68b1c9d433b6997ec52a692b,test004,1756480866.0,0
68b1c9d433b6997ec52a6944,test004,1756480908.0,1
68b1c9d433b6997ec52a6945,test004,1756480920.0,0
68b1c9d433b6997ec52a6947,test004,1756480923.0,1
68b1c9d433b6997ec52a6948,test004,1756480973.0,0
68b1c9d433b6997ec52a694a,test004,1756481021.0,1
68b1c9d433b6997ec52a694b,test004,1756481051.0,0
68b1c9d433b6997ec52a694d,test004,1756481089.0,1
68b1c9d433b6997ec52a694e,test004,1756481111.0,0
68b1c9d433b6997ec52a6950,test004,1756481201.0,1
68b1c9d433b6997ec52a6951,test004,1756481350.0,0
68b1c9d433b6997ec52a6953,test004,1756481369.0,1
68b1c9d433b6997ec52a6954,test004,1756481481.0,0
68b1c9d433b6997ec52a6956,test004,1756481483.0,1
68b1e5f34609fd50f2a4d553,test004,1756481511.0,0
68b1e5f34609fd50f2a4d555,test004,1756481519.0,1
68b1e5f34609fd50f2a4d556,test004,1756481590.0,0
68b1e5f34609fd50f2a4d558,test004,1756481671.0,1
68b1e5f34609fd50f2a4d559,test004,1756481706.0,0
68b1e5f34609fd50f2a4d55b,test004,1756481709.0,1
68b1e5f34609fd50f2a4d55c,test004,1756481755.0,0
68b1e5f34609fd50f2a4d55e,test004,1756481757.0,1
68b1e5f34609fd50f2a4d560,test004,1756481768.0,1
68b1e5f34609fd50f2a4d561,test004,1756481785.0,0
68b1e5f34609fd50f2a4d563,test004,1756481863.0,1
68b1e5f34609fd50f2a4d58b,test004,1756482132.0,0
68b1e5f34609fd50f2a4d58d,test004,1756482198.0,1
68b1e5f34609fd50f2a4d58e,test004,1756482221.0,0
68b1e5f34609fd50f2a4d590,test004,1756482225.0,1
68b1e5f34609fd50f2a4d591,test004,1756482447.0,0
68b1e5f34609fd50f2a4d593,test004,1756482454.0,1
68b1e5f44609fd50f2a4d5b5,test004,1756482892.0,0
68b1e5f44609fd50f2a4d5b7,test004,1756482893.0,1
68b1e5f44609fd50f2a4d5b8,test004,1756482894.0,0
68b1e5f44609fd50f2a4d5b9,test004,1756482895.0,1
68b1e5f44609fd50f2a4d5ba,test004,1756483082.0,0
68b1e5f44609fd50f2a4d5bc,test004,1756483183.0,1
68b1e5f44609fd50f2a4d5bd,test004,1756483215.0,0
68b1e5f44609fd50f2a4d5bf,test004,1756483244.0,1
68b1e5f44609fd50f2a4d5f5,test004,1756483549.0,0
68b1e5f44609fd50f2a4d5f7,test004,1756483552.0,1
68b1e5f44609fd50f2a4d5f8,test004,1756483590.0,0
68b1e5f44609fd50f2a4d5fa,test004,1756483617.0,1
68b1e5f44609fd50f2a4d5fb,test004,1756483652.0,0
68b1e5f44609fd50f2a4d5fd,test004,1756483748.0,1
68b1e5f44609fd50f2a4d5fe,test004,1756483814.0,0
68b1e5f44609fd50f2a4d600,test004,1756483860.0,1
68b1e5f44609fd50f2a4d626,test004,1756484318.0,0
68b1e5f44609fd50f2a4d628,test004,1756484335.0,1
68b1e5f44609fd50f2a4d649,test004,1756484881.0,0
68b1e5f44609fd50f2a4d64c,test004,1756484882.0,0
68b1e5f44609fd50f2a4d64d,test004,1756484887.0,1
68b1e5f44609fd50f2a4d64e,test004,1756484998.0,0
68b1e5f44609fd50f2a4d72f,test004,1756485350.0,1
68b1e5f44609fd50f2a4d730,test004,1756485389.0,0
68b1e5f44609fd50f2a4d732,test004,1756485395.0,1
68b1e5f44609fd50f2a4d733,test004,1756485639.0,0
68b1e5f44609fd50f2a4d758,test004,1756485704.0,1
68b1e5f44609fd50f2a4d759,test004,1756485721.0,0
68b1e5f44609fd50f2a4d75b,test004,1756485850.0,1
68b1e5f44609fd50f2a4d75c,test004,1756485902.0,0
68b1e5f44609fd50f2a4d75e,test004,1756485904.0,1
68b1e5f44609fd50f2a4d75f,test004,1756485936.0,0
68b1e5f44609fd50f2a4d761,test004,1756485944.0,1
68b1e5f44609fd50f2a4d762,test004,1756485953.0,0
68b1e5f44609fd50f2a4d763,test004,1756485977.0,1
68b1e5f44609fd50f2a4d764,test004,1756485980.0,0
68b1e5f44609fd50f2a4d765,test004,1756486043.0,1
68b1e5f44609fd50f2a4d766,test004,1756486082.0,0
68b1e5f44609fd50f2a4d768,test004,1756486091.0,1
68b1e5f44609fd50f2a4d769,test004,1756486092.0,0
68b1e5f44609fd50f2a4d76a,test004,1756486093.0,1
68b1e5f44609fd50f2a4d76b,test004,1756486217.0,0
68b1e5f44609fd50f2a4d76d,test004,1756486218.0,1
68b1e5f44609fd50f2a4d782,test004,1756486250.0,0
68b1e5f44609fd50f2a4d784,test004,1756486257.0,1
68b1e5f44609fd50f2a4d785,test004,1756486270.0,0
68b1e5f44609fd50f2a4d795,test004,1756486289.0,1
68b1e5f44609fd50f2a4d796,test004,1756486321.0,0
68b1e5f44609fd50f2a4d798,test004,1756486322.0,1
68b1e5f44609fd50f2a4d799,test004,1756486334.0,0
68b1e5f44609fd50f2a4d79b,test004,1756486412.0,1
68b1e5f44609fd50f2a4d79c,test004,1756486725.0,0
68b1e5f44609fd50f2a4d79e,test004,1756486784.0,1
68b1e5f44609fd50f2a4d79f,test004,1756486848.0,0
68b1e5f44609fd50f2a4d7b5,test004,1756486891.0,1
68b1e5f44609fd50f2a4d7b6,test004,1756487247.0,0
68b1e5f44609fd50f2a4d7b8,test004,1756487300.0,1
68b1e5f44609fd50f2a4d7b9,test004,1756487337.0,0
68b1e5f44609fd50f2a4d7f4,test004,1756488594.0,1
68b1e5f44609fd50f2a4d7f5,test004,1756488643.0,0
68b1f404e967c14fc0e99803,test004,1756488684.0,1
68b1f404e967c14fc0e99804,test004,1756488689.0,0
68b1f404e967c14fc0e99805,test004,1756488714.0,1
68b1f404e967c14fc0e99806,test004,1756488784.0,0
68b1f404e967c14fc0e99809,test004,1756488818.0,0
68b1f404e967c14fc0e9980b,test004,1756488897.0,1
68b1f404e967c14fc0e9980c,test004,1756488914.0,0
68b1f404e967c14fc0e9980e,test004,1756488915.0,1
68b1f404e967c14fc0e9980f,test004,1756488955.0,0
68b1f404e967c14fc0e99811,test004,1756488957.0,1
68b1f404e967c14fc0e99812,test004,1756488997.0,0
68b1f404e967c14fc0e99814,test004,1756489052.0,1
68b1f404e967c14fc0e99815,test004,1756489080.0,0
68b1f404e967c14fc0e99817,test004,1756489150.0,1
68b1f404e967c14fc0e99848,test004,1756489432.0,0
68b1f404e967c14fc0e9984a,test004,1756489447.0,1
68b1f404e967c14fc0e9984b,test004,1756489554.0,0
68b1f404e967c14fc0e9984d,test004,1756489611.0,1
68b1f404e967c14fc0e9984e,test004,1756489663.0,0
68b1f404e967c14fc0e99850,test004,1756489724.0,1
68b1f404e967c14fc0e99851,test004,1756489735.0,0
68b1f404e967c14fc0e99853,test004,1756489752.0,1
68b1f404e967c14fc0e99878,test004,1756490046.0,0
68b1f404e967c14fc0e9987a,test004,1756490193.0,1
68b1f404e967c14fc0e9987b,test004,1756490237.0,0
68b1f404e967c14fc0e9987d,test004,1756490278.0,1
68b1f404e967c14fc0e9987e,test004,1756490304.0,0
68b1f404e967c14fc0e99880,test004,1756490307.0,1
68b1f404e967c14fc0e99881,test004,1756490318.0,0
68b1f404e967c14fc0e99883,test004,1756490331.0,1
68b1f404e967c14fc0e99884,test004,1756490336.0,0
68b1f404e967c14fc0e99885,test004,1756490359.0,1
68b1f404e967c14fc0e99886,test004,1756490370.0,0
68b1f404e967c14fc0e998c1,test004,1756491020.0,1
68b1f404e967c14fc0e998c2,test004,1756491031.0,0
68b1f404e967c14fc0e998e5,test004,1756491413.0,1
68b1f404e967c14fc0e998e6,test004,1756491419.0,0
68b1f404e967c14fc0e998e7,test004,1756491420.0,1
68b1f404e967c14fc0e998e8,test004,1756491425.0,0
68b1f404e967c14fc0e998e9,test004,1756491528.0,1
68b1f404e967c14fc0e998ea,test004,1756491545.0,0
68b1f404e967c14fc0e998ec,test004,1756491547.0,1
68b1f404e967c14fc0e998ed,test004,1756491563.0,0
68b210229a74aaf13991bb30,test004,1756491687.0,1
68b210229a74aaf13991bb31,test004,1756491830.0,0
68b210229a74aaf13991bb33,test004,1756491887.0,1
68b210229a74aaf13991bb34,test004,1756491935.0,0
68b210229a74aaf13991bb36,test004,1756491989.0,1
68b210229a74aaf13991bb37,test004,1756491995.0,0
68b210229a74aaf13991bb38,test004,1756491996.0,1
68b210229a74aaf13991bb39,test004,1756491999.0,0
68b210229a74aaf13991bb3a,test004,1756492000.0,1
68b210229a74aaf13991bb3b,test004,1756492014.0,0
68b210229a74aaf13991bb3d,test004,1756492040.0,1
68b210229a74aaf13991bb3e,test004,1756492097.0,0
68b210229a74aaf13991bb40,test004,1756492124.0,1
68b210229a74aaf13991bb41,test004,1756492146.0,0
68b210229a74aaf13991bb43,test004,1756492159.0,1
68b210229a74aaf13991bb44,test004,1756492162.0,0
68b210229a74aaf13991bb45,test004,1756492200.0,1
68b210229a74aaf13991bb46,test004,1756492202.0,0
68b210229a74aaf13991bb48,test004,1756492252.0,0
68b210229a74aaf13991bb4a,test004,1756492253.0,1
68b210229a74aaf13991bb8a,test004,1756492286.0,0
68b210229a74aaf13991bb8c,test004,1756492288.0,1
68b210229a74aaf13991bb8d,test004,1756492344.0,0
68b210229a74aaf13991bb8f,test004,1756492383.0,1
68b210229a74aaf13991bb90,test004,1756492388.0,0
68b210229a74aaf13991bb91,test004,1756492446.0,1
68b210229a74aaf13991bb92,test004,1756492508.0,0
68b210229a74aaf13991bb94,test004,1756492552.0,1
68b210229a74aaf13991bb95,test004,1756492605.0,0
68b210229a74aaf13991bb97,test004,1756492640.0,1
68b210229a74aaf13991bb98,test004,1756492754.0,0
68b210229a74aaf13991bb99,test004,1756492755.0,0
68b210229a74aaf13991bb9a,test004,1756492775.0,1
68b210229a74aaf13991bb9b,test004,1756492857.0,0
68b210229a74aaf13991bb9d,test004,1756492858.0,1
68b210229a74aaf13991bb9f,test004,1756492859.0,1
68b210229a74aaf13991bba0,test004,1756492874.0,0
68b210229a74aaf13991bc69,test004,1756492884.0,1
68b210229a74aaf13991bc6a,test004,1756492983.0,0
68b210229a74aaf13991bc6c,test004,1756492997.0,1
68b210229a74aaf13991bc6d,test004,1756493091.0,0
68b210229a74aaf13991bc6f,test004,1756493097.0,1
68b210229a74aaf13991bc70,test004,1756493155.0,0
68b210229a74aaf13991bc72,test004,1756493169.0,1
68b210229a74aaf13991bc73,test004,1756493227.0,0
68b210229a74aaf13991bc75,test004,1756493228.0,1
68b210229a74aaf13991bc76,test004,1756493242.0,0
68b210229a74aaf13991bc78,test004,1756493254.0,1
68b210229a74aaf13991bc79,test004,1756493266.0,0
68b210229a74aaf13991bc7b,test004,1756493421.0,1
68b210229a74aaf13991bca7,test004,1756493565.0,0
68b210229a74aaf13991bca9,test004,1756493694.0,1
68b210229a74aaf13991bcaa,test004,1756493734.0,0
68b210229a74aaf13991bcac,test004,1756493801.0,1
68b210229a74aaf13991bcad,test004,1756493827.0,0
68b210229a74aaf13991bcaf,test004,1756493880.0,1
68b210229a74aaf13991bcb0,test004,1756493883.0,0
68b210229a74aaf13991bcb1,test004,1756493902.0,1
68b210229a74aaf13991bcef,test004,1756494166.0,0
68b210229a74aaf13991bcf1,test004,1756494175.0,1
68b210229a74aaf13991bcf2,test004,1756494541.0,0
68b210229a74aaf13991bcf4,test004,1756494551.0,1
68b210229a74aaf13991bcf5,test004,1756494584.0,0
68b210229a74aaf13991bcf7,test004,1756494585.0,1
68b210229a74aaf13991bd21,test004,1756494885.0,0
68b210229a74aaf13991bd23,test004,1756494990.0,1
68b210229a74aaf13991bd24,test004,1756494994.0,0
68b210229a74aaf13991bd25,test004,1756495007.0,1
68b210229a74aaf13991bd26,test004,1756495047.0,0
68b210229a74aaf13991bd28,test004,1756495065.0,1
68b210239a74aaf13991bd4e,test004,1756495914.0,0
68b210239a74aaf13991bd50,test004,1756495926.0,1
68b210239a74aaf13991bd73,test004,1756496926.0,0
68b210239a74aaf13991bd75,test004,1756496937.0,1
68b210239a74aaf13991bd76,test004,1756496964.0,0
68b22c424b2302a07e0dc77f,test004,1756500470.0,1
68b22c424b2302a07e0dc7a3,test004,1756501136.0,0
68b26933fa0fee55dd91703b,test004,1756521874.0,1
68b26933fa0fee55dd91703c,test004,1756521921.0,0
68b26933fa0fee55dd91703e,test004,1756522111.0,1
68b26933fa0fee55dd91703f,test004,1756522146.0,0
68b26de13c46be163de89bf5,test004,1756522952.0,1
68b26de13c46be163de89bf6,test004,1756523017.0,0
68b26de13c46be163de89bf8,test004,1756523082.0,1
68b26de13c46be163de89bf9,test004,1756523213.0,0
68b26de13c46be163de89bfb,test004,1756523276.0,1
68b26de13c46be163de89bfc,test004,1756523305.0,0
68b26de13c46be163de89bfe,test004,1756523490.0,1
68b26de13c46be163de89bff,test004,1756523508.0,0
68b2706a1c4889f19b292e6e,test004,1756523649.0,1
68b2706a1c4889f19b292e6f,test004,1756523650.0,0
68b2706a1c4889f19b292e70,test004,1756523653.0,1
68b2706a1c4889f19b292e71,test004,1756523769.0,0
68b2706a1c4889f19b292e73,test004,1756523773.0,1
68b2706a1c4889f19b292e74,test004,1756523792.0,0
68b2706a1c4889f19b292e76,test004,1756523801.0,1
68b2706a1c4889f19b292e77,test004,1756523881.0,0
68b2706a1c4889f19b292e79,test004,1756523883.0,1
68b274fabc81ed57b6aede19,test004,1756524756.0,0
68b274fabc81ed57b6aede1b,test004,1756525085.0,1
68b274fabc81ed57b6aede1c,test004,1756525194.0,0
68b293625886b7b098defc83,test004,1756526322.0,1
68b293625886b7b098defc84,test004,1756526373.0,0
